-- MySQL dump 10.13  Distrib 5.7.21, for Linux (x86_64)
--
-- Host: localhost    Database: reaws
-- ------------------------------------------------------
-- Server version	5.7.21-0ubuntu0.16.04.1

/*!40101 SET @OLD_CHARACTER_SET_CLIENT=@@CHARACTER_SET_CLIENT */;
/*!40101 SET @OLD_CHARACTER_SET_RESULTS=@@CHARACTER_SET_RESULTS */;
/*!40101 SET @OLD_COLLATION_CONNECTION=@@COLLATION_CONNECTION */;
/*!40101 SET NAMES utf8 */;
/*!40103 SET @OLD_TIME_ZONE=@@TIME_ZONE */;
/*!40103 SET TIME_ZONE='+00:00' */;
/*!40014 SET @OLD_UNIQUE_CHECKS=@@UNIQUE_CHECKS, UNIQUE_CHECKS=0 */;
/*!40014 SET @OLD_FOREIGN_KEY_CHECKS=@@FOREIGN_KEY_CHECKS, FOREIGN_KEY_CHECKS=0 */;
/*!40101 SET @OLD_SQL_MODE=@@SQL_MODE, SQL_MODE='NO_AUTO_VALUE_ON_ZERO' */;
/*!40111 SET @OLD_SQL_NOTES=@@SQL_NOTES, SQL_NOTES=0 */;

--
-- Table structure for table `ActionsLog`
--

DROP TABLE IF EXISTS `ActionsLog`;
/*!40101 SET @saved_cs_client     = @@character_set_client */;
/*!40101 SET character_set_client = utf8 */;
CREATE TABLE `ActionsLog` (
  `idSystemLog` int(11) NOT NULL AUTO_INCREMENT,
  `idUser` int(11) NOT NULL,
  `action` varchar(200) DEFAULT NULL,
  `date` timestamp NULL DEFAULT CURRENT_TIMESTAMP,
  PRIMARY KEY (`idSystemLog`),
  KEY `fk_ActionsLog_User1_idx` (`idUser`),
  CONSTRAINT `fk_ActionsLog_User1` FOREIGN KEY (`idUser`) REFERENCES `User` (`idUser`) ON DELETE NO ACTION ON UPDATE NO ACTION
) ENGINE=InnoDB DEFAULT CHARSET=utf8;
/*!40101 SET character_set_client = @saved_cs_client */;

--
-- Dumping data for table `ActionsLog`
--

LOCK TABLES `ActionsLog` WRITE;
/*!40000 ALTER TABLE `ActionsLog` DISABLE KEYS */;
/*!40000 ALTER TABLE `ActionsLog` ENABLE KEYS */;
UNLOCK TABLES;

--
-- Table structure for table `Address`
--

DROP TABLE IF EXISTS `Address`;
/*!40101 SET @saved_cs_client     = @@character_set_client */;
/*!40101 SET character_set_client = utf8 */;
CREATE TABLE `Address` (
  `idAddress` int(11) NOT NULL AUTO_INCREMENT,
  `unitNumber` varchar(10) DEFAULT NULL,
  `streetNumber` varchar(10) DEFAULT NULL,
  `address` varchar(300) DEFAULT NULL,
  `region` varchar(200) DEFAULT NULL,
  `createdAt` datetime DEFAULT CURRENT_TIMESTAMP,
  `updatedAt` datetime DEFAULT CURRENT_TIMESTAMP,
  `area` varchar(200) DEFAULT NULL,
  `city` varchar(200) DEFAULT NULL,
  `province` varchar(200) DEFAULT NULL,
  `country` varchar(200) DEFAULT NULL,
  `postalCode` varchar(15) DEFAULT NULL,
  PRIMARY KEY (`idAddress`)
) ENGINE=InnoDB AUTO_INCREMENT=171 DEFAULT CHARSET=utf8;
/*!40101 SET character_set_client = @saved_cs_client */;

--
-- Dumping data for table `Address`
--

LOCK TABLES `Address` WRITE;
/*!40000 ALTER TABLE `Address` DISABLE KEYS */;
INSERT INTO `Address` VALUES (1,'107','320','Salter Street','Queensborough','2018-02-09 17:00:00','2018-02-09 17:00:00','Vancouver','Vancouver','BC','Canada','V#M 0K3'),(2,NULL,NULL,NULL,NULL,'2018-01-11 19:06:33','2018-01-11 19:06:33',NULL,NULL,NULL,NULL,NULL),(3,NULL,NULL,NULL,NULL,'2018-01-11 19:07:05','2018-01-11 19:07:05',NULL,NULL,NULL,NULL,NULL),(4,NULL,NULL,NULL,NULL,'2018-01-11 19:07:37','2018-01-11 19:07:37',NULL,NULL,NULL,NULL,NULL),(5,NULL,NULL,NULL,NULL,'2018-01-11 19:07:42','2018-01-11 19:07:42',NULL,NULL,NULL,NULL,NULL),(6,NULL,NULL,NULL,NULL,'2018-01-11 19:07:52','2018-01-11 19:07:52',NULL,NULL,NULL,NULL,NULL),(7,NULL,NULL,NULL,NULL,'2018-01-11 19:24:09','2018-01-11 19:24:09',NULL,NULL,NULL,NULL,NULL),(8,NULL,NULL,NULL,NULL,'2018-01-11 19:28:37','2018-01-11 19:28:37',NULL,NULL,NULL,NULL,NULL),(9,NULL,NULL,NULL,NULL,'2018-01-11 19:30:27','2018-01-11 19:30:27',NULL,NULL,NULL,NULL,NULL),(10,NULL,NULL,NULL,NULL,'2018-01-11 19:30:42','2018-01-11 19:30:42',NULL,NULL,NULL,NULL,NULL),(11,NULL,NULL,NULL,NULL,'2018-01-11 19:31:14','2018-01-11 19:31:14',NULL,NULL,NULL,NULL,NULL),(12,NULL,NULL,NULL,NULL,'2018-01-11 19:31:14','2018-01-11 19:31:14',NULL,NULL,NULL,NULL,NULL),(13,NULL,NULL,NULL,NULL,'2018-01-11 19:31:14','2018-01-11 19:31:14',NULL,NULL,NULL,NULL,NULL),(14,NULL,NULL,NULL,NULL,'2018-01-11 19:31:14','2018-01-11 19:31:14',NULL,NULL,NULL,NULL,NULL),(15,NULL,NULL,NULL,NULL,'2018-01-11 19:31:14','2018-01-11 19:31:14',NULL,NULL,NULL,NULL,NULL),(16,NULL,NULL,NULL,NULL,'2018-01-11 19:31:14','2018-01-11 19:31:14',NULL,NULL,NULL,NULL,NULL),(17,NULL,NULL,NULL,NULL,'2018-01-11 19:31:14','2018-01-11 19:31:14',NULL,NULL,NULL,NULL,NULL),(18,NULL,NULL,NULL,NULL,'2018-01-11 19:31:14','2018-01-11 19:31:14',NULL,NULL,NULL,NULL,NULL),(19,NULL,NULL,NULL,NULL,'2018-01-11 19:31:14','2018-01-11 19:31:14',NULL,NULL,NULL,NULL,NULL),(20,NULL,NULL,NULL,NULL,'2018-01-11 19:31:14','2018-01-11 19:31:14',NULL,NULL,NULL,NULL,NULL),(21,NULL,NULL,NULL,NULL,'2018-01-11 19:31:14','2018-01-11 19:31:14',NULL,NULL,NULL,NULL,NULL),(22,NULL,NULL,NULL,NULL,'2018-01-11 19:42:30','2018-01-11 19:42:30',NULL,NULL,NULL,NULL,NULL),(23,NULL,NULL,NULL,NULL,'2018-01-11 19:42:34','2018-01-11 19:42:34',NULL,NULL,NULL,NULL,NULL),(24,NULL,NULL,NULL,NULL,'2018-01-11 19:43:04','2018-01-11 19:43:04',NULL,NULL,NULL,NULL,NULL),(25,NULL,NULL,NULL,NULL,'2018-01-11 19:43:27','2018-01-11 19:43:27',NULL,NULL,NULL,NULL,NULL),(26,NULL,NULL,NULL,NULL,'2018-01-11 19:46:09','2018-01-11 19:46:09',NULL,NULL,NULL,NULL,NULL),(27,NULL,NULL,NULL,NULL,'2018-01-11 19:46:28','2018-01-11 19:46:28',NULL,NULL,NULL,NULL,NULL),(28,NULL,NULL,NULL,NULL,'2018-01-11 19:46:33','2018-01-11 19:46:33',NULL,NULL,NULL,NULL,NULL),(29,NULL,NULL,NULL,NULL,'2018-01-11 19:47:17','2018-01-11 19:47:17',NULL,NULL,NULL,NULL,NULL),(30,NULL,NULL,NULL,NULL,'2018-01-11 19:48:44','2018-01-11 19:48:44',NULL,NULL,NULL,NULL,NULL),(31,NULL,NULL,NULL,NULL,'2018-01-11 19:48:56','2018-01-11 19:48:56',NULL,NULL,NULL,NULL,NULL),(32,NULL,NULL,NULL,NULL,'2018-01-11 19:49:23','2018-01-11 19:49:23',NULL,NULL,NULL,NULL,NULL),(33,NULL,NULL,NULL,NULL,'2018-01-11 19:49:42','2018-01-11 19:49:42',NULL,NULL,NULL,NULL,NULL),(34,NULL,NULL,NULL,NULL,'2018-01-11 19:51:33','2018-01-11 19:51:33',NULL,NULL,NULL,NULL,NULL),(35,NULL,NULL,NULL,NULL,'2018-01-11 19:52:01','2018-01-11 19:52:01',NULL,NULL,NULL,NULL,NULL),(36,NULL,NULL,NULL,NULL,'2018-01-11 19:52:55','2018-01-11 19:52:55',NULL,NULL,NULL,NULL,NULL),(37,NULL,NULL,NULL,NULL,'2018-01-11 19:53:27','2018-01-11 19:53:27',NULL,NULL,NULL,NULL,NULL),(38,NULL,NULL,NULL,NULL,'2018-01-11 19:53:49','2018-01-11 19:53:49',NULL,NULL,NULL,NULL,NULL),(39,NULL,NULL,NULL,NULL,'2018-01-11 19:54:53','2018-01-11 19:54:53',NULL,NULL,NULL,NULL,NULL),(40,NULL,NULL,NULL,NULL,'2018-01-11 19:55:32','2018-01-11 19:55:32',NULL,NULL,NULL,NULL,NULL),(41,NULL,NULL,NULL,NULL,'2018-01-11 19:55:54','2018-01-11 19:55:54',NULL,NULL,NULL,NULL,NULL),(42,NULL,NULL,NULL,NULL,'2018-01-11 19:56:17','2018-01-11 19:56:17',NULL,NULL,NULL,NULL,NULL),(43,NULL,NULL,NULL,NULL,'2018-01-11 19:57:01','2018-01-11 19:57:01',NULL,NULL,NULL,NULL,NULL),(44,NULL,NULL,NULL,NULL,'2018-01-11 19:57:24','2018-01-11 19:57:24',NULL,NULL,NULL,NULL,NULL),(45,NULL,NULL,NULL,NULL,'2018-01-11 19:57:39','2018-01-11 19:57:39',NULL,NULL,NULL,NULL,NULL),(46,NULL,NULL,NULL,NULL,'2018-01-11 19:57:39','2018-01-11 19:57:39',NULL,NULL,NULL,NULL,NULL),(47,NULL,NULL,NULL,NULL,'2018-01-11 19:57:39','2018-01-11 19:57:39',NULL,NULL,NULL,NULL,NULL),(48,NULL,NULL,NULL,NULL,'2018-01-11 19:57:39','2018-01-11 19:57:39',NULL,NULL,NULL,NULL,NULL),(49,NULL,NULL,NULL,NULL,'2018-01-11 19:57:39','2018-01-11 19:57:39',NULL,NULL,NULL,NULL,NULL),(50,NULL,NULL,NULL,NULL,'2018-01-11 19:57:39','2018-01-11 19:57:39',NULL,NULL,NULL,NULL,NULL),(51,NULL,NULL,NULL,NULL,'2018-01-11 19:57:39','2018-01-11 19:57:39',NULL,NULL,NULL,NULL,NULL),(52,NULL,NULL,NULL,NULL,'2018-01-11 19:57:39','2018-01-11 19:57:39',NULL,NULL,NULL,NULL,NULL),(53,NULL,NULL,NULL,NULL,'2018-01-11 19:57:39','2018-01-11 19:57:39',NULL,NULL,NULL,NULL,NULL),(54,NULL,NULL,NULL,NULL,'2018-01-11 19:57:39','2018-01-11 19:57:39',NULL,NULL,NULL,NULL,NULL),(55,NULL,NULL,NULL,NULL,'2018-01-11 19:57:39','2018-01-11 19:57:39',NULL,NULL,NULL,NULL,NULL),(56,NULL,NULL,NULL,NULL,'2018-01-11 19:57:39','2018-01-11 19:57:39',NULL,NULL,NULL,NULL,NULL),(57,NULL,NULL,NULL,NULL,'2018-01-11 19:57:39','2018-01-11 19:57:39',NULL,NULL,NULL,NULL,NULL),(58,NULL,NULL,NULL,NULL,'2018-01-11 19:57:39','2018-01-11 19:57:39',NULL,NULL,NULL,NULL,NULL),(59,NULL,NULL,NULL,NULL,'2018-01-11 19:57:40','2018-01-11 19:57:40',NULL,NULL,NULL,NULL,NULL),(60,NULL,NULL,NULL,NULL,'2018-01-11 19:57:40','2018-01-11 19:57:40',NULL,NULL,NULL,NULL,NULL),(61,NULL,NULL,NULL,NULL,'2018-01-11 19:57:40','2018-01-11 19:57:40',NULL,NULL,NULL,NULL,NULL),(62,NULL,NULL,NULL,NULL,'2018-01-11 19:57:40','2018-01-11 19:57:40',NULL,NULL,NULL,NULL,NULL),(63,NULL,NULL,NULL,NULL,'2018-01-11 20:00:38','2018-01-11 20:00:38',NULL,NULL,NULL,NULL,NULL),(64,NULL,NULL,NULL,NULL,'2018-01-11 20:01:04','2018-01-11 20:01:04',NULL,NULL,NULL,NULL,NULL),(65,NULL,NULL,NULL,NULL,'2018-01-11 20:01:04','2018-01-11 20:01:04',NULL,NULL,NULL,NULL,NULL),(66,NULL,NULL,NULL,NULL,'2018-01-11 20:01:04','2018-01-11 20:01:04',NULL,NULL,NULL,NULL,NULL),(67,NULL,NULL,NULL,NULL,'2018-01-11 20:01:04','2018-01-11 20:01:04',NULL,NULL,NULL,NULL,NULL),(68,NULL,NULL,NULL,NULL,'2018-01-11 20:01:04','2018-01-11 20:01:04',NULL,NULL,NULL,NULL,NULL),(69,NULL,NULL,NULL,NULL,'2018-01-11 20:01:04','2018-01-11 20:01:04',NULL,NULL,NULL,NULL,NULL),(70,NULL,NULL,NULL,NULL,'2018-01-11 20:01:04','2018-01-11 20:01:04',NULL,NULL,NULL,NULL,NULL),(71,NULL,NULL,NULL,NULL,'2018-01-11 20:01:04','2018-01-11 20:01:04',NULL,NULL,NULL,NULL,NULL),(72,NULL,NULL,NULL,NULL,'2018-01-11 20:01:04','2018-01-11 20:01:04',NULL,NULL,NULL,NULL,NULL),(73,NULL,NULL,NULL,NULL,'2018-01-11 20:01:04','2018-01-11 20:01:04',NULL,NULL,NULL,NULL,NULL),(74,NULL,NULL,NULL,NULL,'2018-01-11 20:01:04','2018-01-11 20:01:04',NULL,NULL,NULL,NULL,NULL),(75,NULL,NULL,NULL,NULL,'2018-01-11 20:01:04','2018-01-11 20:01:04',NULL,NULL,NULL,NULL,NULL),(76,NULL,NULL,NULL,NULL,'2018-01-11 20:01:04','2018-01-11 20:01:04',NULL,NULL,NULL,NULL,NULL),(77,NULL,NULL,NULL,NULL,'2018-01-11 20:01:04','2018-01-11 20:01:04',NULL,NULL,NULL,NULL,NULL),(78,NULL,NULL,NULL,NULL,'2018-01-11 20:01:04','2018-01-11 20:01:04',NULL,NULL,NULL,NULL,NULL),(79,NULL,NULL,NULL,NULL,'2018-01-11 20:01:04','2018-01-11 20:01:04',NULL,NULL,NULL,NULL,NULL),(80,NULL,NULL,NULL,NULL,'2018-01-11 20:01:04','2018-01-11 20:01:04',NULL,NULL,NULL,NULL,NULL),(81,NULL,NULL,NULL,NULL,'2018-01-11 20:01:04','2018-01-11 20:01:04',NULL,NULL,NULL,NULL,NULL),(82,NULL,NULL,NULL,NULL,'2018-01-11 20:01:41','2018-01-11 20:01:41',NULL,NULL,NULL,NULL,NULL),(83,NULL,NULL,NULL,NULL,'2018-01-11 20:01:41','2018-01-11 20:01:41',NULL,NULL,NULL,NULL,NULL),(84,NULL,NULL,NULL,NULL,'2018-01-11 20:01:41','2018-01-11 20:01:41',NULL,NULL,NULL,NULL,NULL),(85,NULL,NULL,NULL,NULL,'2018-01-11 20:01:41','2018-01-11 20:01:41',NULL,NULL,NULL,NULL,NULL),(86,NULL,NULL,NULL,NULL,'2018-01-11 20:01:41','2018-01-11 20:01:41',NULL,NULL,NULL,NULL,NULL),(87,NULL,NULL,NULL,NULL,'2018-01-11 20:01:41','2018-01-11 20:01:41',NULL,NULL,NULL,NULL,NULL),(88,NULL,NULL,NULL,NULL,'2018-01-11 20:01:41','2018-01-11 20:01:41',NULL,NULL,NULL,NULL,NULL),(89,NULL,NULL,NULL,NULL,'2018-01-11 20:01:41','2018-01-11 20:01:41',NULL,NULL,NULL,NULL,NULL),(90,NULL,NULL,NULL,NULL,'2018-01-11 20:01:41','2018-01-11 20:01:41',NULL,NULL,NULL,NULL,NULL),(91,NULL,NULL,NULL,NULL,'2018-01-11 20:01:41','2018-01-11 20:01:41',NULL,NULL,NULL,NULL,NULL),(92,NULL,NULL,NULL,NULL,'2018-01-11 20:01:41','2018-01-11 20:01:41',NULL,NULL,NULL,NULL,NULL),(93,NULL,NULL,NULL,NULL,'2018-01-11 20:01:41','2018-01-11 20:01:41',NULL,NULL,NULL,NULL,NULL),(94,NULL,NULL,NULL,NULL,'2018-01-11 20:01:41','2018-01-11 20:01:41',NULL,NULL,NULL,NULL,NULL),(95,NULL,NULL,NULL,NULL,'2018-01-11 20:01:41','2018-01-11 20:01:41',NULL,NULL,NULL,NULL,NULL),(96,NULL,NULL,NULL,NULL,'2018-01-11 20:01:41','2018-01-11 20:01:41',NULL,NULL,NULL,NULL,NULL),(97,NULL,NULL,NULL,NULL,'2018-01-11 20:01:41','2018-01-11 20:01:41',NULL,NULL,NULL,NULL,NULL),(98,NULL,NULL,NULL,NULL,'2018-01-11 20:01:41','2018-01-11 20:01:41',NULL,NULL,NULL,NULL,NULL),(99,NULL,NULL,NULL,NULL,'2018-01-11 20:01:41','2018-01-11 20:01:41',NULL,NULL,NULL,NULL,NULL),(100,NULL,NULL,NULL,NULL,'2018-01-11 23:16:28','2018-01-11 23:16:28',NULL,NULL,NULL,NULL,NULL),(101,NULL,NULL,NULL,NULL,'2018-01-11 23:17:49','2018-01-11 23:17:49',NULL,NULL,NULL,NULL,NULL),(102,NULL,NULL,NULL,NULL,'2018-01-11 23:19:38','2018-01-11 23:19:38',NULL,NULL,NULL,NULL,NULL),(103,NULL,NULL,NULL,NULL,'2018-01-11 23:20:26','2018-01-11 23:20:26',NULL,NULL,NULL,NULL,NULL),(104,NULL,NULL,NULL,NULL,'2018-01-11 23:21:18','2018-01-11 23:21:18',NULL,NULL,NULL,NULL,NULL),(105,NULL,NULL,NULL,NULL,'2018-01-11 23:24:42','2018-01-11 23:24:42',NULL,NULL,NULL,NULL,NULL),(106,NULL,NULL,NULL,NULL,'2018-01-11 23:26:17','2018-01-11 23:26:17',NULL,NULL,NULL,NULL,NULL),(107,NULL,NULL,NULL,NULL,'2018-01-11 23:27:33','2018-01-11 23:27:33',NULL,NULL,NULL,NULL,NULL),(108,NULL,NULL,NULL,NULL,'2018-01-11 23:29:12','2018-01-11 23:29:12',NULL,NULL,NULL,NULL,NULL),(109,NULL,NULL,NULL,NULL,'2018-01-11 23:30:23','2018-01-11 23:30:23',NULL,NULL,NULL,NULL,NULL),(110,NULL,NULL,NULL,NULL,'2018-01-12 00:10:25','2018-01-12 00:10:25',NULL,NULL,NULL,NULL,NULL),(111,NULL,NULL,NULL,NULL,'2018-01-12 00:34:58','2018-01-12 00:34:58',NULL,NULL,NULL,NULL,NULL),(112,NULL,NULL,NULL,NULL,'2018-01-12 00:37:17','2018-01-12 00:37:17',NULL,NULL,NULL,NULL,NULL),(113,NULL,NULL,NULL,NULL,'2018-01-12 00:37:26','2018-01-12 00:37:26',NULL,NULL,NULL,NULL,NULL),(114,NULL,NULL,NULL,NULL,'2018-01-12 00:39:28','2018-01-12 00:39:28',NULL,NULL,NULL,NULL,NULL),(115,NULL,NULL,NULL,NULL,'2018-01-12 00:41:11','2018-01-12 00:41:11',NULL,NULL,NULL,NULL,NULL),(116,NULL,NULL,NULL,NULL,'2018-01-12 00:41:19','2018-01-12 00:41:19',NULL,NULL,NULL,NULL,NULL),(117,NULL,NULL,NULL,NULL,'2018-01-12 00:45:47','2018-01-12 00:45:47',NULL,NULL,NULL,NULL,NULL),(118,NULL,NULL,NULL,NULL,'2018-01-12 00:49:22','2018-01-12 00:49:22',NULL,NULL,NULL,NULL,NULL),(119,NULL,NULL,NULL,NULL,'2018-01-12 00:53:07','2018-01-12 00:53:07',NULL,NULL,NULL,NULL,NULL),(120,NULL,NULL,NULL,NULL,'2018-01-12 00:55:46','2018-01-12 00:55:46',NULL,NULL,NULL,NULL,NULL),(121,NULL,NULL,NULL,NULL,'2018-01-12 00:56:21','2018-01-12 00:56:21',NULL,NULL,NULL,NULL,NULL),(122,NULL,NULL,NULL,NULL,'2018-01-12 18:01:34','2018-01-12 18:01:34',NULL,NULL,NULL,NULL,NULL),(123,NULL,NULL,NULL,NULL,'2018-01-12 18:15:14','2018-01-12 18:15:14',NULL,NULL,NULL,NULL,NULL),(124,NULL,NULL,NULL,NULL,'2018-01-12 18:15:26','2018-01-12 18:15:26',NULL,NULL,NULL,NULL,NULL),(125,NULL,NULL,NULL,NULL,'2018-01-12 18:16:06','2018-01-12 18:16:06',NULL,NULL,NULL,NULL,NULL),(126,NULL,NULL,NULL,NULL,'2018-01-12 18:23:01','2018-01-12 18:23:01',NULL,NULL,NULL,NULL,NULL),(127,NULL,NULL,NULL,NULL,'2018-01-12 18:24:09','2018-01-12 18:24:09',NULL,NULL,NULL,NULL,NULL),(128,NULL,NULL,NULL,NULL,'2018-01-12 18:30:04','2018-01-12 18:30:04',NULL,NULL,NULL,NULL,NULL),(129,NULL,NULL,NULL,NULL,'2018-01-12 18:30:55','2018-01-12 18:30:55',NULL,NULL,NULL,NULL,NULL),(130,NULL,NULL,NULL,NULL,'2018-01-12 18:33:14','2018-01-12 18:33:14',NULL,NULL,NULL,NULL,NULL),(131,NULL,NULL,NULL,NULL,'2018-01-12 18:33:55','2018-01-12 18:33:55',NULL,NULL,NULL,NULL,NULL),(132,NULL,NULL,NULL,NULL,'2018-01-12 18:35:33','2018-01-12 18:35:33',NULL,NULL,NULL,NULL,NULL),(133,NULL,NULL,NULL,NULL,'2018-01-12 18:36:20','2018-01-12 18:36:20',NULL,NULL,NULL,NULL,NULL),(134,NULL,NULL,NULL,NULL,'2018-01-12 18:36:44','2018-01-12 18:36:44',NULL,NULL,NULL,NULL,NULL),(135,NULL,NULL,NULL,NULL,'2018-01-12 18:37:50','2018-01-12 18:37:50',NULL,NULL,NULL,NULL,NULL),(136,NULL,NULL,NULL,NULL,'2018-01-12 18:40:48','2018-01-12 18:40:48',NULL,NULL,NULL,NULL,NULL),(137,NULL,NULL,NULL,NULL,'2018-01-12 18:44:04','2018-01-12 18:44:04',NULL,NULL,NULL,NULL,NULL),(138,NULL,NULL,NULL,NULL,'2018-01-12 18:49:20','2018-01-12 18:49:20',NULL,NULL,NULL,NULL,NULL),(139,NULL,NULL,NULL,NULL,'2018-01-12 18:59:24','2018-01-12 18:59:24',NULL,NULL,NULL,NULL,NULL),(140,NULL,NULL,NULL,NULL,'2018-01-20 05:50:02','2018-01-20 05:50:02',NULL,NULL,NULL,NULL,NULL),(141,NULL,NULL,NULL,NULL,'2018-01-21 20:00:39','2018-01-21 20:00:39',NULL,NULL,NULL,NULL,NULL),(142,NULL,NULL,NULL,NULL,'2018-01-21 20:26:58','2018-01-21 20:26:58',NULL,NULL,NULL,NULL,NULL),(143,NULL,NULL,NULL,NULL,'2018-01-23 03:50:11','2018-01-23 03:50:11',NULL,NULL,NULL,NULL,NULL),(144,NULL,NULL,NULL,NULL,'2018-01-23 03:50:43','2018-01-23 03:50:43',NULL,NULL,NULL,NULL,NULL),(145,NULL,NULL,NULL,NULL,'2018-01-23 03:52:08','2018-01-23 03:52:08',NULL,NULL,NULL,NULL,NULL),(146,NULL,NULL,NULL,NULL,'2018-01-23 03:52:30','2018-01-23 03:52:30',NULL,NULL,NULL,NULL,NULL),(147,NULL,NULL,NULL,NULL,'2018-01-23 03:54:14','2018-01-23 03:54:14',NULL,NULL,NULL,NULL,NULL),(148,NULL,NULL,NULL,NULL,'2018-01-23 03:58:35','2018-01-23 03:58:35',NULL,NULL,NULL,NULL,NULL),(149,NULL,NULL,NULL,NULL,'2018-01-23 03:59:24','2018-01-23 03:59:24',NULL,NULL,NULL,NULL,NULL),(150,NULL,NULL,NULL,NULL,'2018-01-23 03:59:40','2018-01-23 03:59:40',NULL,NULL,NULL,NULL,NULL),(151,NULL,NULL,NULL,NULL,'2018-01-23 04:00:32','2018-01-23 04:00:32',NULL,NULL,NULL,NULL,NULL),(152,NULL,NULL,NULL,NULL,'2018-01-23 04:00:35','2018-01-23 04:00:35',NULL,NULL,NULL,NULL,NULL),(153,NULL,NULL,NULL,NULL,'2018-01-23 04:01:47','2018-01-23 04:01:47',NULL,NULL,NULL,NULL,NULL),(154,NULL,NULL,NULL,NULL,'2018-01-23 04:01:55','2018-01-23 04:01:55',NULL,NULL,NULL,NULL,NULL),(155,NULL,NULL,NULL,NULL,'2018-01-23 04:02:02','2018-01-23 04:02:02',NULL,NULL,NULL,NULL,NULL),(156,NULL,NULL,NULL,NULL,'2018-01-23 04:03:22','2018-01-23 04:03:22',NULL,NULL,NULL,NULL,NULL),(157,NULL,NULL,NULL,NULL,'2018-01-23 04:04:01','2018-01-23 04:04:01',NULL,NULL,NULL,NULL,NULL),(158,NULL,NULL,NULL,NULL,'2018-01-23 04:08:34','2018-01-23 04:08:34',NULL,NULL,NULL,NULL,NULL),(159,NULL,NULL,NULL,NULL,'2018-01-23 04:11:09','2018-01-23 04:11:09',NULL,NULL,NULL,NULL,NULL),(160,NULL,NULL,NULL,NULL,'2018-01-23 04:13:32','2018-01-23 04:13:32',NULL,NULL,NULL,NULL,NULL),(161,NULL,NULL,NULL,NULL,'2018-01-23 04:13:55','2018-01-23 04:13:55',NULL,NULL,NULL,NULL,NULL),(162,NULL,NULL,NULL,NULL,'2018-01-23 04:14:20','2018-01-23 04:14:20',NULL,NULL,NULL,NULL,NULL),(163,NULL,NULL,NULL,NULL,'2018-01-24 03:42:29','2018-01-24 03:42:29',NULL,NULL,NULL,NULL,NULL),(164,NULL,NULL,NULL,NULL,'2018-01-24 03:44:27','2018-01-24 03:44:27',NULL,NULL,NULL,NULL,NULL),(165,NULL,NULL,NULL,NULL,'2018-01-24 04:08:45','2018-01-24 04:08:45',NULL,NULL,NULL,NULL,NULL),(166,'107','320','Salter Street','Vancouver','2018-01-24 04:19:39','2018-01-24 04:19:39','Vancouver','New Westminster','BC','Canada','V3M 0K3'),(167,NULL,NULL,NULL,NULL,'2018-01-24 04:20:21','2018-01-24 04:20:21',NULL,NULL,NULL,NULL,NULL),(168,NULL,NULL,NULL,NULL,'2018-01-24 04:20:59','2018-01-24 04:20:59',NULL,NULL,NULL,NULL,NULL),(169,NULL,NULL,NULL,NULL,'2018-01-24 04:22:31','2018-01-24 04:22:31',NULL,NULL,NULL,NULL,NULL),(170,'','','Rua Nicolau Ferreira Mendes','Santa Terezinha','2018-01-28 19:54:43','2018-01-28 19:54:43','Juiz de Fora','Juiz de Fora','Minas Gerais','Brazil','');
/*!40000 ALTER TABLE `Address` ENABLE KEYS */;
UNLOCK TABLES;

--
-- Table structure for table `Appointment`
--

DROP TABLE IF EXISTS `Appointment`;
/*!40101 SET @saved_cs_client     = @@character_set_client */;
/*!40101 SET character_set_client = utf8 */;
CREATE TABLE `Appointment` (
  `idAppointment` int(11) NOT NULL AUTO_INCREMENT,
  `title` varchar(100) DEFAULT NULL,
  `description` longtext,
  `dateBegin` datetime DEFAULT NULL,
  `idUser` int(11) NOT NULL,
  `idAddress` int(11) NOT NULL,
  `dateEnd` datetime DEFAULT NULL,
  `reminder30m` tinyint(4) DEFAULT NULL,
  `reminder1h` tinyint(4) DEFAULT NULL,
  `reminder2h` tinyint(4) DEFAULT NULL,
  PRIMARY KEY (`idAppointment`),
  KEY `fk_Appointment_User1_idx` (`idUser`),
  KEY `fk_Appointment_Address1_idx` (`idAddress`),
  CONSTRAINT `fk_Appointment_Address1` FOREIGN KEY (`idAddress`) REFERENCES `Address` (`idAddress`) ON DELETE NO ACTION ON UPDATE NO ACTION,
  CONSTRAINT `fk_Appointment_User1` FOREIGN KEY (`idUser`) REFERENCES `User` (`idUser`) ON DELETE NO ACTION ON UPDATE NO ACTION
) ENGINE=InnoDB DEFAULT CHARSET=utf8;
/*!40101 SET character_set_client = @saved_cs_client */;

--
-- Dumping data for table `Appointment`
--

LOCK TABLES `Appointment` WRITE;
/*!40000 ALTER TABLE `Appointment` DISABLE KEYS */;
/*!40000 ALTER TABLE `Appointment` ENABLE KEYS */;
UNLOCK TABLES;

--
-- Table structure for table `Customer`
--

DROP TABLE IF EXISTS `Customer`;
/*!40101 SET @saved_cs_client     = @@character_set_client */;
/*!40101 SET character_set_client = utf8 */;
CREATE TABLE `Customer` (
  `idCustomer` int(11) NOT NULL AUTO_INCREMENT,
  `idAddress` int(11) NOT NULL,
  `firstName` varchar(120) DEFAULT NULL,
  `lastname` varchar(200) DEFAULT NULL,
  `email` varchar(200) DEFAULT NULL,
  `createdAt` datetime DEFAULT CURRENT_TIMESTAMP,
  `updatedAt` datetime DEFAULT CURRENT_TIMESTAMP,
  `feeling` int(11) DEFAULT NULL,
  `idRealEstate` int(11) NOT NULL,
  PRIMARY KEY (`idCustomer`),
  KEY `fk_Customer_Address1_idx` (`idAddress`),
  KEY `fk_Customer_RealEstate1_idx` (`idRealEstate`),
  CONSTRAINT `fk_Customer_Address1` FOREIGN KEY (`idAddress`) REFERENCES `Address` (`idAddress`) ON DELETE NO ACTION ON UPDATE NO ACTION,
  CONSTRAINT `fk_Customer_RealEstate1` FOREIGN KEY (`idRealEstate`) REFERENCES `RealEstate` (`idRealEstate`) ON DELETE NO ACTION ON UPDATE NO ACTION
) ENGINE=InnoDB DEFAULT CHARSET=utf8;
/*!40101 SET character_set_client = @saved_cs_client */;

--
-- Dumping data for table `Customer`
--

LOCK TABLES `Customer` WRITE;
/*!40000 ALTER TABLE `Customer` DISABLE KEYS */;
/*!40000 ALTER TABLE `Customer` ENABLE KEYS */;
UNLOCK TABLES;

--
-- Table structure for table `Dealing`
--

DROP TABLE IF EXISTS `Dealing`;
/*!40101 SET @saved_cs_client     = @@character_set_client */;
/*!40101 SET character_set_client = utf8 */;
CREATE TABLE `Dealing` (
  `idDealing` int(11) NOT NULL AUTO_INCREMENT,
  `idCustomer` int(11) NOT NULL,
  `idProperty` int(11) NOT NULL,
  `createdAt` timestamp NULL DEFAULT CURRENT_TIMESTAMP,
  `updatedAt` timestamp NULL DEFAULT CURRENT_TIMESTAMP,
  `idRealEstate` int(11) NOT NULL,
  PRIMARY KEY (`idDealing`),
  KEY `fk_Dealing_Customer1_idx` (`idCustomer`),
  KEY `fk_Dealing_Property1_idx` (`idProperty`),
  KEY `fk_Dealing_RealEstate1_idx` (`idRealEstate`),
  CONSTRAINT `fk_Dealing_Customer1` FOREIGN KEY (`idCustomer`) REFERENCES `Customer` (`idCustomer`) ON DELETE NO ACTION ON UPDATE NO ACTION,
  CONSTRAINT `fk_Dealing_Property1` FOREIGN KEY (`idProperty`) REFERENCES `Property` (`idProperty`) ON DELETE NO ACTION ON UPDATE NO ACTION,
  CONSTRAINT `fk_Dealing_RealEstate1` FOREIGN KEY (`idRealEstate`) REFERENCES `RealEstate` (`idRealEstate`) ON DELETE NO ACTION ON UPDATE NO ACTION
) ENGINE=InnoDB DEFAULT CHARSET=utf8;
/*!40101 SET character_set_client = @saved_cs_client */;

--
-- Dumping data for table `Dealing`
--

LOCK TABLES `Dealing` WRITE;
/*!40000 ALTER TABLE `Dealing` DISABLE KEYS */;
/*!40000 ALTER TABLE `Dealing` ENABLE KEYS */;
UNLOCK TABLES;

--
-- Table structure for table `DealingStep`
--

DROP TABLE IF EXISTS `DealingStep`;
/*!40101 SET @saved_cs_client     = @@character_set_client */;
/*!40101 SET character_set_client = utf8 */;
CREATE TABLE `DealingStep` (
  `idDealingStep` int(11) NOT NULL AUTO_INCREMENT,
  `date` datetime DEFAULT NULL,
  `idDealing` int(11) NOT NULL,
  `idStep` int(11) NOT NULL,
  PRIMARY KEY (`idDealingStep`),
  KEY `fk_DealingStep_Dealing1_idx` (`idDealing`),
  KEY `fk_DealingStep_Step1_idx` (`idStep`),
  CONSTRAINT `fk_DealingStep_Dealing1` FOREIGN KEY (`idDealing`) REFERENCES `Dealing` (`idDealing`) ON DELETE NO ACTION ON UPDATE NO ACTION,
  CONSTRAINT `fk_DealingStep_Step1` FOREIGN KEY (`idStep`) REFERENCES `Step` (`idStep`) ON DELETE NO ACTION ON UPDATE NO ACTION
) ENGINE=InnoDB DEFAULT CHARSET=utf8;
/*!40101 SET character_set_client = @saved_cs_client */;

--
-- Dumping data for table `DealingStep`
--

LOCK TABLES `DealingStep` WRITE;
/*!40000 ALTER TABLE `DealingStep` DISABLE KEYS */;
/*!40000 ALTER TABLE `DealingStep` ENABLE KEYS */;
UNLOCK TABLES;

--
-- Table structure for table `Feature`
--

DROP TABLE IF EXISTS `Feature`;
/*!40101 SET @saved_cs_client     = @@character_set_client */;
/*!40101 SET character_set_client = utf8 */;
CREATE TABLE `Feature` (
  `idFeature` int(11) NOT NULL AUTO_INCREMENT,
  `feature` varchar(45) DEFAULT NULL,
  PRIMARY KEY (`idFeature`)
) ENGINE=InnoDB AUTO_INCREMENT=20 DEFAULT CHARSET=utf8;
/*!40101 SET character_set_client = @saved_cs_client */;

--
-- Dumping data for table `Feature`
--

LOCK TABLES `Feature` WRITE;
/*!40000 ALTER TABLE `Feature` DISABLE KEYS */;
INSERT INTO `Feature` VALUES (1,'Furnished'),(2,'Pet friendly'),(3,'Smoking allowed'),(4,'Fireplace'),(5,'Pool'),(6,'Garage'),(7,'Waterfront'),(8,'Luxury'),(9,'Garden'),(10,'Playground'),(11,'Smoke alarm'),(12,'Microwave'),(13,'Oven'),(14,'Stove'),(15,'Dishwasher'),(16,'Fridge'),(17,'Whellchair access'),(18,'Dog OK'),(19,'Cats OK');
/*!40000 ALTER TABLE `Feature` ENABLE KEYS */;
UNLOCK TABLES;

--
-- Table structure for table `Footer`
--

DROP TABLE IF EXISTS `Footer`;
/*!40101 SET @saved_cs_client     = @@character_set_client */;
/*!40101 SET character_set_client = utf8 */;
CREATE TABLE `Footer` (
  `idFooter` int(11) NOT NULL AUTO_INCREMENT,
  `name` varchar(45) DEFAULT NULL,
  PRIMARY KEY (`idFooter`)
) ENGINE=InnoDB DEFAULT CHARSET=utf8;
/*!40101 SET character_set_client = @saved_cs_client */;

--
-- Dumping data for table `Footer`
--

LOCK TABLES `Footer` WRITE;
/*!40000 ALTER TABLE `Footer` DISABLE KEYS */;
/*!40000 ALTER TABLE `Footer` ENABLE KEYS */;
UNLOCK TABLES;

--
-- Table structure for table `Header`
--

DROP TABLE IF EXISTS `Header`;
/*!40101 SET @saved_cs_client     = @@character_set_client */;
/*!40101 SET character_set_client = utf8 */;
CREATE TABLE `Header` (
  `idHeader` int(11) NOT NULL AUTO_INCREMENT,
  `name` varchar(45) DEFAULT NULL,
  PRIMARY KEY (`idHeader`)
) ENGINE=InnoDB DEFAULT CHARSET=utf8;
/*!40101 SET character_set_client = @saved_cs_client */;

--
-- Dumping data for table `Header`
--

LOCK TABLES `Header` WRITE;
/*!40000 ALTER TABLE `Header` DISABLE KEYS */;
/*!40000 ALTER TABLE `Header` ENABLE KEYS */;
UNLOCK TABLES;

--
-- Table structure for table `Image`
--

DROP TABLE IF EXISTS `Image`;
/*!40101 SET @saved_cs_client     = @@character_set_client */;
/*!40101 SET character_set_client = utf8 */;
CREATE TABLE `Image` (
  `idImage` int(11) NOT NULL AUTO_INCREMENT,
  `url` varchar(500) DEFAULT NULL,
  `isPrincipal` tinyint(1) DEFAULT NULL,
  `label` varchar(200) DEFAULT NULL,
  `idProperty` int(11) NOT NULL,
  `createdAt` timestamp NULL DEFAULT CURRENT_TIMESTAMP,
  `updatedAt` timestamp NULL DEFAULT CURRENT_TIMESTAMP,
  PRIMARY KEY (`idImage`),
  KEY `fk_Images_Property1_idx` (`idProperty`),
  CONSTRAINT `fk_Images_Property1` FOREIGN KEY (`idProperty`) REFERENCES `Property` (`idProperty`) ON DELETE NO ACTION ON UPDATE NO ACTION
) ENGINE=InnoDB AUTO_INCREMENT=287 DEFAULT CHARSET=utf8;
/*!40101 SET character_set_client = @saved_cs_client */;

--
-- Dumping data for table `Image`
--

LOCK TABLES `Image` WRITE;
/*!40000 ALTER TABLE `Image` DISABLE KEYS */;
INSERT INTO `Image` VALUES (6,NULL,0,'0',106,'2018-01-12 07:27:33','2018-01-12 07:27:33'),(7,NULL,0,'0',106,'2018-01-12 07:27:33','2018-01-12 07:27:33'),(8,NULL,0,'0',106,'2018-01-12 07:27:33','2018-01-12 07:27:33'),(9,NULL,0,'0',106,'2018-01-12 07:27:33','2018-01-12 07:27:33'),(10,NULL,0,'0',107,'2018-01-12 07:29:12','2018-01-12 07:29:12'),(11,NULL,0,'0',107,'2018-01-12 07:29:12','2018-01-12 07:29:12'),(12,NULL,1,'1',107,'2018-01-12 07:29:12','2018-01-12 07:29:12'),(13,NULL,0,'s dfs',108,'2018-01-12 07:30:23','2018-01-12 07:30:23'),(14,NULL,0,'df sdf',108,'2018-01-12 07:30:23','2018-01-12 07:30:23'),(15,NULL,0,'fsdf',108,'2018-01-12 07:30:23','2018-01-12 07:30:23'),(16,NULL,0,'dfsd',108,'2018-01-12 07:30:23','2018-01-12 07:30:23'),(17,NULL,0,'s dfs',108,'2018-01-12 07:30:23','2018-01-12 07:30:23'),(18,NULL,0,'fsdf ',108,'2018-01-12 07:30:23','2018-01-12 07:30:23'),(19,NULL,0,'dfsd',108,'2018-01-12 07:30:23','2018-01-12 07:30:23'),(20,NULL,0,'sd fs',108,'2018-01-12 07:30:23','2018-01-12 07:30:23'),(21,NULL,0,'s dfsdf',108,'2018-01-12 07:30:23','2018-01-12 07:30:23'),(22,NULL,0,'dfsdf',108,'2018-01-12 07:30:23','2018-01-12 07:30:23'),(23,NULL,0,' fsdf s',108,'2018-01-12 07:30:23','2018-01-12 07:30:23'),(24,NULL,0,'dfsd',108,'2018-01-12 07:30:23','2018-01-12 07:30:23'),(25,NULL,1,' sdf sdf sdf s',108,'2018-01-12 07:30:23','2018-01-12 07:30:23'),(26,NULL,0,'sdf sdf sdf',108,'2018-01-12 07:30:23','2018-01-12 07:30:23'),(27,NULL,0,'Imageasfd sdf sdfsdf',108,'2018-01-12 07:30:23','2018-01-12 07:30:23'),(28,NULL,0,'',112,'2018-01-12 08:37:26','2018-01-12 08:37:26'),(29,NULL,0,'',115,'2018-01-12 08:41:19','2018-01-12 08:41:19'),(30,NULL,0,'',115,'2018-01-12 08:41:19','2018-01-12 08:41:19'),(31,NULL,0,'',115,'2018-01-12 08:41:19','2018-01-12 08:41:19'),(32,NULL,0,'',115,'2018-01-12 08:41:19','2018-01-12 08:41:19'),(33,NULL,0,'',115,'2018-01-12 08:41:19','2018-01-12 08:41:19'),(34,NULL,0,'',115,'2018-01-12 08:41:19','2018-01-12 08:41:19'),(35,NULL,0,'',115,'2018-01-12 08:41:19','2018-01-12 08:41:19'),(36,NULL,0,'',115,'2018-01-12 08:41:19','2018-01-12 08:41:19'),(37,NULL,0,'',115,'2018-01-12 08:41:19','2018-01-12 08:41:19'),(38,NULL,0,'',115,'2018-01-12 08:41:19','2018-01-12 08:41:19'),(39,NULL,0,'',115,'2018-01-12 08:41:19','2018-01-12 08:41:19'),(40,NULL,0,'',115,'2018-01-12 08:41:20','2018-01-12 08:41:20'),(41,NULL,0,'',115,'2018-01-12 08:41:20','2018-01-12 08:41:20'),(42,NULL,0,'',115,'2018-01-12 08:41:20','2018-01-12 08:41:20'),(43,NULL,0,'',115,'2018-01-12 08:41:20','2018-01-12 08:41:20'),(44,NULL,0,'',116,'2018-01-12 08:45:47','2018-01-12 08:45:47'),(45,NULL,0,'',116,'2018-01-12 08:45:47','2018-01-12 08:45:47'),(46,NULL,0,'',116,'2018-01-12 08:45:47','2018-01-12 08:45:47'),(47,NULL,0,'',116,'2018-01-12 08:45:47','2018-01-12 08:45:47'),(48,NULL,0,'',116,'2018-01-12 08:45:47','2018-01-12 08:45:47'),(49,NULL,0,'',116,'2018-01-12 08:45:47','2018-01-12 08:45:47'),(50,NULL,0,'',116,'2018-01-12 08:45:47','2018-01-12 08:45:47'),(51,NULL,0,'',116,'2018-01-12 08:45:47','2018-01-12 08:45:47'),(52,NULL,0,'',116,'2018-01-12 08:45:48','2018-01-12 08:45:48'),(53,NULL,0,'',116,'2018-01-12 08:45:48','2018-01-12 08:45:48'),(54,NULL,0,'',116,'2018-01-12 08:45:48','2018-01-12 08:45:48'),(55,NULL,0,'',116,'2018-01-12 08:45:48','2018-01-12 08:45:48'),(56,NULL,0,'',116,'2018-01-12 08:45:48','2018-01-12 08:45:48'),(57,NULL,0,'',116,'2018-01-12 08:45:48','2018-01-12 08:45:48'),(58,NULL,0,'',116,'2018-01-12 08:45:48','2018-01-12 08:45:48'),(59,NULL,0,'',117,'2018-01-12 08:49:22','2018-01-12 08:49:22'),(60,NULL,0,'',117,'2018-01-12 08:49:22','2018-01-12 08:49:22'),(61,NULL,0,'',117,'2018-01-12 08:49:22','2018-01-12 08:49:22'),(62,NULL,0,'',117,'2018-01-12 08:49:22','2018-01-12 08:49:22'),(63,NULL,0,'',117,'2018-01-12 08:49:22','2018-01-12 08:49:22'),(64,NULL,0,'',117,'2018-01-12 08:49:22','2018-01-12 08:49:22'),(65,NULL,0,'',117,'2018-01-12 08:49:22','2018-01-12 08:49:22'),(66,NULL,0,'',117,'2018-01-12 08:49:22','2018-01-12 08:49:22'),(67,NULL,0,'',117,'2018-01-12 08:49:22','2018-01-12 08:49:22'),(68,NULL,0,'',117,'2018-01-12 08:49:22','2018-01-12 08:49:22'),(69,NULL,0,'',117,'2018-01-12 08:49:22','2018-01-12 08:49:22'),(70,NULL,0,'',117,'2018-01-12 08:49:22','2018-01-12 08:49:22'),(71,NULL,0,'',117,'2018-01-12 08:49:22','2018-01-12 08:49:22'),(72,NULL,0,'',117,'2018-01-12 08:49:22','2018-01-12 08:49:22'),(73,NULL,0,'',117,'2018-01-12 08:49:22','2018-01-12 08:49:22'),(74,NULL,0,'',117,'2018-01-12 08:49:22','2018-01-12 08:49:22'),(75,NULL,0,'',117,'2018-01-12 08:49:22','2018-01-12 08:49:22'),(76,NULL,0,'',117,'2018-01-12 08:49:23','2018-01-12 08:49:23'),(77,NULL,0,'',117,'2018-01-12 08:49:23','2018-01-12 08:49:23'),(78,NULL,0,'',117,'2018-01-12 08:49:23','2018-01-12 08:49:23'),(79,NULL,0,'',117,'2018-01-12 08:49:23','2018-01-12 08:49:23'),(80,NULL,0,'',117,'2018-01-12 08:49:23','2018-01-12 08:49:23'),(81,NULL,0,'',117,'2018-01-12 08:49:23','2018-01-12 08:49:23'),(82,NULL,0,'',117,'2018-01-12 08:49:23','2018-01-12 08:49:23'),(83,NULL,0,'',117,'2018-01-12 08:49:23','2018-01-12 08:49:23'),(84,NULL,0,'',117,'2018-01-12 08:49:23','2018-01-12 08:49:23'),(85,NULL,0,'',117,'2018-01-12 08:49:23','2018-01-12 08:49:23'),(86,NULL,0,'',117,'2018-01-12 08:49:23','2018-01-12 08:49:23'),(87,NULL,0,'',117,'2018-01-12 08:49:23','2018-01-12 08:49:23'),(88,NULL,0,'',117,'2018-01-12 08:49:23','2018-01-12 08:49:23'),(89,NULL,0,'',117,'2018-01-12 08:49:23','2018-01-12 08:49:23'),(90,NULL,0,'',117,'2018-01-12 08:49:23','2018-01-12 08:49:23'),(91,NULL,0,'',117,'2018-01-12 08:49:23','2018-01-12 08:49:23'),(92,NULL,0,'',117,'2018-01-12 08:49:23','2018-01-12 08:49:23'),(93,NULL,0,'',117,'2018-01-12 08:49:23','2018-01-12 08:49:23'),(94,NULL,0,'',117,'2018-01-12 08:49:23','2018-01-12 08:49:23'),(95,NULL,0,'',117,'2018-01-12 08:49:23','2018-01-12 08:49:23'),(96,NULL,0,'',117,'2018-01-12 08:49:23','2018-01-12 08:49:23'),(97,NULL,0,'',117,'2018-01-12 08:49:24','2018-01-12 08:49:24'),(98,NULL,0,'',117,'2018-01-12 08:49:24','2018-01-12 08:49:24'),(99,NULL,0,'',117,'2018-01-12 08:49:24','2018-01-12 08:49:24'),(100,NULL,0,'',117,'2018-01-12 08:49:24','2018-01-12 08:49:24'),(101,NULL,0,'',117,'2018-01-12 08:49:24','2018-01-12 08:49:24'),(102,NULL,0,'',117,'2018-01-12 08:49:24','2018-01-12 08:49:24'),(103,NULL,0,'',117,'2018-01-12 08:49:24','2018-01-12 08:49:24'),(104,NULL,0,'',119,'2018-01-12 08:55:46','2018-01-12 08:55:46'),(105,NULL,0,'',120,'2018-01-12 08:56:21','2018-01-12 08:56:21'),(106,NULL,0,'',121,'2018-01-13 02:01:34','2018-01-13 02:01:34'),(107,NULL,0,'',140,'2018-01-22 04:00:40','2018-01-22 04:00:40'),(108,NULL,0,'',140,'2018-01-22 04:00:40','2018-01-22 04:00:40'),(109,NULL,0,'',140,'2018-01-22 04:00:40','2018-01-22 04:00:40'),(110,NULL,0,'',140,'2018-01-22 04:00:40','2018-01-22 04:00:40'),(111,NULL,0,'',140,'2018-01-22 04:00:40','2018-01-22 04:00:40'),(112,NULL,0,'',140,'2018-01-22 04:00:40','2018-01-22 04:00:40'),(113,NULL,0,'',140,'2018-01-22 04:00:40','2018-01-22 04:00:40'),(114,NULL,0,'',140,'2018-01-22 04:00:40','2018-01-22 04:00:40'),(115,NULL,0,'',140,'2018-01-22 04:00:40','2018-01-22 04:00:40'),(116,NULL,0,'',140,'2018-01-22 04:00:40','2018-01-22 04:00:40'),(117,NULL,0,'',140,'2018-01-22 04:00:40','2018-01-22 04:00:40'),(118,NULL,0,'',140,'2018-01-22 04:00:40','2018-01-22 04:00:40'),(119,NULL,0,'',140,'2018-01-22 04:00:40','2018-01-22 04:00:40'),(120,NULL,0,'',140,'2018-01-22 04:00:40','2018-01-22 04:00:40'),(121,NULL,0,'',140,'2018-01-22 04:00:40','2018-01-22 04:00:40'),(122,NULL,0,'',148,'2018-01-23 11:59:24','2018-01-23 11:59:24'),(123,NULL,0,'',148,'2018-01-23 11:59:24','2018-01-23 11:59:24'),(124,NULL,0,'',148,'2018-01-23 11:59:24','2018-01-23 11:59:24'),(125,NULL,0,'',148,'2018-01-23 11:59:24','2018-01-23 11:59:24'),(126,NULL,0,'',148,'2018-01-23 11:59:24','2018-01-23 11:59:24'),(127,NULL,0,'',148,'2018-01-23 11:59:24','2018-01-23 11:59:24'),(128,NULL,0,'',148,'2018-01-23 11:59:24','2018-01-23 11:59:24'),(129,NULL,0,'',148,'2018-01-23 11:59:24','2018-01-23 11:59:24'),(130,NULL,0,'',148,'2018-01-23 11:59:24','2018-01-23 11:59:24'),(131,NULL,0,'',148,'2018-01-23 11:59:24','2018-01-23 11:59:24'),(132,NULL,0,'',148,'2018-01-23 11:59:24','2018-01-23 11:59:24'),(133,NULL,0,'',148,'2018-01-23 11:59:24','2018-01-23 11:59:24'),(134,NULL,0,'',148,'2018-01-23 11:59:24','2018-01-23 11:59:24'),(135,NULL,0,'',148,'2018-01-23 11:59:24','2018-01-23 11:59:24'),(136,NULL,0,'',148,'2018-01-23 11:59:24','2018-01-23 11:59:24'),(137,NULL,0,'',157,'2018-01-23 12:08:34','2018-01-23 12:08:34'),(138,NULL,0,'',157,'2018-01-23 12:08:34','2018-01-23 12:08:34'),(139,NULL,0,'',157,'2018-01-23 12:08:34','2018-01-23 12:08:34'),(140,NULL,0,'',157,'2018-01-23 12:08:34','2018-01-23 12:08:34'),(141,NULL,0,'',157,'2018-01-23 12:08:34','2018-01-23 12:08:34'),(142,NULL,0,'',157,'2018-01-23 12:08:34','2018-01-23 12:08:34'),(143,NULL,0,'',157,'2018-01-23 12:08:34','2018-01-23 12:08:34'),(144,NULL,0,'',157,'2018-01-23 12:08:34','2018-01-23 12:08:34'),(145,NULL,0,'',157,'2018-01-23 12:08:34','2018-01-23 12:08:34'),(146,NULL,0,'',157,'2018-01-23 12:08:34','2018-01-23 12:08:34'),(147,NULL,0,'',157,'2018-01-23 12:08:34','2018-01-23 12:08:34'),(148,NULL,0,'',157,'2018-01-23 12:08:34','2018-01-23 12:08:34'),(149,NULL,0,'',157,'2018-01-23 12:08:34','2018-01-23 12:08:34'),(150,NULL,0,'',157,'2018-01-23 12:08:34','2018-01-23 12:08:34'),(151,NULL,0,'',157,'2018-01-23 12:08:34','2018-01-23 12:08:34'),(152,NULL,0,'',158,'2018-01-23 12:11:10','2018-01-23 12:11:10'),(153,NULL,0,'',158,'2018-01-23 12:11:11','2018-01-23 12:11:11'),(154,NULL,0,'',158,'2018-01-23 12:11:11','2018-01-23 12:11:11'),(155,NULL,0,'',158,'2018-01-23 12:11:12','2018-01-23 12:11:12'),(156,NULL,0,'',159,'2018-01-23 12:13:32','2018-01-23 12:13:32'),(157,NULL,0,'',159,'2018-01-23 12:13:32','2018-01-23 12:13:32'),(158,NULL,0,'',159,'2018-01-23 12:13:32','2018-01-23 12:13:32'),(159,NULL,0,'',159,'2018-01-23 12:13:33','2018-01-23 12:13:33'),(160,NULL,0,'',159,'2018-01-23 12:13:33','2018-01-23 12:13:33'),(161,NULL,0,'',159,'2018-01-23 12:13:33','2018-01-23 12:13:33'),(162,NULL,0,'',159,'2018-01-23 12:13:33','2018-01-23 12:13:33'),(163,NULL,0,'',159,'2018-01-23 12:13:33','2018-01-23 12:13:33'),(164,NULL,0,'',159,'2018-01-23 12:13:33','2018-01-23 12:13:33'),(165,NULL,0,'',159,'2018-01-23 12:13:33','2018-01-23 12:13:33'),(166,NULL,0,'',159,'2018-01-23 12:13:33','2018-01-23 12:13:33'),(167,NULL,0,'',159,'2018-01-23 12:13:33','2018-01-23 12:13:33'),(168,NULL,0,'',159,'2018-01-23 12:13:33','2018-01-23 12:13:33'),(169,NULL,0,'',159,'2018-01-23 12:13:33','2018-01-23 12:13:33'),(170,NULL,0,'',159,'2018-01-23 12:13:33','2018-01-23 12:13:33'),(171,NULL,0,'',160,'2018-01-23 12:13:55','2018-01-23 12:13:55'),(172,NULL,0,'',160,'2018-01-23 12:13:55','2018-01-23 12:13:55'),(173,NULL,0,'',160,'2018-01-23 12:13:55','2018-01-23 12:13:55'),(174,NULL,0,'',160,'2018-01-23 12:13:55','2018-01-23 12:13:55'),(175,NULL,0,'',160,'2018-01-23 12:13:55','2018-01-23 12:13:55'),(176,NULL,0,'',160,'2018-01-23 12:13:55','2018-01-23 12:13:55'),(177,NULL,0,'',160,'2018-01-23 12:13:55','2018-01-23 12:13:55'),(178,NULL,0,'',160,'2018-01-23 12:13:55','2018-01-23 12:13:55'),(179,NULL,0,'',160,'2018-01-23 12:13:55','2018-01-23 12:13:55'),(180,NULL,0,'',160,'2018-01-23 12:13:55','2018-01-23 12:13:55'),(181,NULL,0,'',160,'2018-01-23 12:13:55','2018-01-23 12:13:55'),(182,NULL,0,'',160,'2018-01-23 12:13:55','2018-01-23 12:13:55'),(183,NULL,0,'',160,'2018-01-23 12:13:55','2018-01-23 12:13:55'),(184,NULL,0,'',160,'2018-01-23 12:13:55','2018-01-23 12:13:55'),(185,NULL,0,'',160,'2018-01-23 12:13:55','2018-01-23 12:13:55'),(186,NULL,0,'',161,'2018-01-23 12:14:20','2018-01-23 12:14:20'),(187,NULL,0,'',161,'2018-01-23 12:14:20','2018-01-23 12:14:20'),(188,NULL,0,'',161,'2018-01-23 12:14:20','2018-01-23 12:14:20'),(189,NULL,0,'',161,'2018-01-23 12:14:20','2018-01-23 12:14:20'),(190,NULL,0,'',161,'2018-01-23 12:14:20','2018-01-23 12:14:20'),(191,NULL,0,'',161,'2018-01-23 12:14:20','2018-01-23 12:14:20'),(192,NULL,0,'',161,'2018-01-23 12:14:20','2018-01-23 12:14:20'),(193,NULL,0,'',161,'2018-01-23 12:14:20','2018-01-23 12:14:20'),(194,NULL,0,'',161,'2018-01-23 12:14:20','2018-01-23 12:14:20'),(195,NULL,0,'',161,'2018-01-23 12:14:20','2018-01-23 12:14:20'),(196,NULL,0,'',161,'2018-01-23 12:14:20','2018-01-23 12:14:20'),(197,NULL,0,'',161,'2018-01-23 12:14:20','2018-01-23 12:14:20'),(198,NULL,0,'',161,'2018-01-23 12:14:20','2018-01-23 12:14:20'),(199,NULL,0,'',161,'2018-01-23 12:14:20','2018-01-23 12:14:20'),(200,NULL,0,'',161,'2018-01-23 12:14:20','2018-01-23 12:14:20'),(201,NULL,0,'',161,'2018-01-23 12:14:20','2018-01-23 12:14:20'),(202,NULL,0,'',161,'2018-01-23 12:14:20','2018-01-23 12:14:20'),(203,NULL,0,'',161,'2018-01-23 12:14:21','2018-01-23 12:14:21'),(204,NULL,0,'',161,'2018-01-23 12:14:21','2018-01-23 12:14:21'),(205,NULL,0,'',161,'2018-01-23 12:14:21','2018-01-23 12:14:21'),(206,NULL,0,'',161,'2018-01-23 12:14:21','2018-01-23 12:14:21'),(207,NULL,0,'',161,'2018-01-23 12:14:21','2018-01-23 12:14:21'),(208,NULL,0,'',161,'2018-01-23 12:14:21','2018-01-23 12:14:21'),(209,NULL,0,'',161,'2018-01-23 12:14:21','2018-01-23 12:14:21'),(210,NULL,0,'',161,'2018-01-23 12:14:21','2018-01-23 12:14:21'),(211,NULL,0,'',161,'2018-01-23 12:14:21','2018-01-23 12:14:21'),(212,NULL,0,'',161,'2018-01-23 12:14:21','2018-01-23 12:14:21'),(213,NULL,0,'',161,'2018-01-23 12:14:21','2018-01-23 12:14:21'),(214,NULL,0,'',161,'2018-01-23 12:14:21','2018-01-23 12:14:21'),(215,NULL,0,'',161,'2018-01-23 12:14:21','2018-01-23 12:14:21'),(216,NULL,0,'',161,'2018-01-23 12:14:21','2018-01-23 12:14:21'),(217,NULL,0,'',161,'2018-01-23 12:14:21','2018-01-23 12:14:21'),(218,NULL,0,'',161,'2018-01-23 12:14:21','2018-01-23 12:14:21'),(219,NULL,0,'',161,'2018-01-23 12:14:21','2018-01-23 12:14:21'),(220,NULL,0,'',161,'2018-01-23 12:14:21','2018-01-23 12:14:21'),(221,NULL,0,'',161,'2018-01-23 12:14:21','2018-01-23 12:14:21'),(222,NULL,0,'',161,'2018-01-23 12:14:21','2018-01-23 12:14:21'),(223,NULL,0,'',161,'2018-01-23 12:14:21','2018-01-23 12:14:21'),(224,NULL,0,'',161,'2018-01-23 12:14:21','2018-01-23 12:14:21'),(225,NULL,0,'',161,'2018-01-23 12:14:21','2018-01-23 12:14:21'),(226,NULL,0,'',161,'2018-01-23 12:14:21','2018-01-23 12:14:21'),(227,NULL,0,'',161,'2018-01-23 12:14:21','2018-01-23 12:14:21'),(228,NULL,0,'',161,'2018-01-23 12:14:21','2018-01-23 12:14:21'),(229,NULL,0,'',161,'2018-01-23 12:14:21','2018-01-23 12:14:21'),(230,NULL,0,'',161,'2018-01-23 12:14:21','2018-01-23 12:14:21'),(231,NULL,0,'',161,'2018-01-23 12:14:21','2018-01-23 12:14:21'),(232,NULL,0,'',161,'2018-01-23 12:14:21','2018-01-23 12:14:21'),(233,NULL,0,'',161,'2018-01-23 12:14:21','2018-01-23 12:14:21'),(234,NULL,0,'',161,'2018-01-23 12:14:21','2018-01-23 12:14:21'),(235,NULL,0,'',161,'2018-01-23 12:14:21','2018-01-23 12:14:21'),(236,NULL,0,'',161,'2018-01-23 12:14:21','2018-01-23 12:14:21'),(237,NULL,0,'',161,'2018-01-23 12:14:21','2018-01-23 12:14:21'),(238,NULL,0,'',161,'2018-01-23 12:14:21','2018-01-23 12:14:21'),(239,NULL,0,'',161,'2018-01-23 12:14:22','2018-01-23 12:14:22'),(240,NULL,0,'',161,'2018-01-23 12:14:22','2018-01-23 12:14:22'),(241,NULL,0,'',161,'2018-01-23 12:14:22','2018-01-23 12:14:22'),(242,NULL,0,'',161,'2018-01-23 12:14:22','2018-01-23 12:14:22'),(243,NULL,0,'',161,'2018-01-23 12:14:22','2018-01-23 12:14:22'),(244,NULL,0,'',161,'2018-01-23 12:14:22','2018-01-23 12:14:22'),(245,NULL,0,'',161,'2018-01-23 12:14:22','2018-01-23 12:14:22'),(246,'C1027C0D-E3BE-2822-97E7-1A9EBD814DC3.jpeg',0,'',162,'2018-01-24 11:42:29','2018-01-24 11:42:29'),(247,'83B7FDD0-EAD8-17E7-5A2E-E3B95AF1778A.jpeg',0,'',162,'2018-01-24 11:42:29','2018-01-24 11:42:29'),(248,'B4831480-5D7C-AB92-F762-377761732301.jpeg',0,'',162,'2018-01-24 11:42:29','2018-01-24 11:42:29'),(249,'0BA72A6C-51E9-EA7B-1E17-1CF78AA9754E.jpeg',0,'',162,'2018-01-24 11:42:29','2018-01-24 11:42:29'),(250,'22B2D01F-4203-482A-63C0-29A18A6C9C6A.jpeg',0,'',162,'2018-01-24 11:42:29','2018-01-24 11:42:29'),(251,'EEB40636-7B0E-99B3-94EC-92A11A9D4202.jpeg',0,'',162,'2018-01-24 11:42:29','2018-01-24 11:42:29'),(252,'A8A978C1-DE25-3122-3A41-15C6874DA011.jpeg',0,'',162,'2018-01-24 11:42:29','2018-01-24 11:42:29'),(253,'EFB433B6-6C2C-298A-B261-243842B162BB.jpeg',0,'',162,'2018-01-24 11:42:29','2018-01-24 11:42:29'),(254,'54F978B7-99D7-274E-2126-1CEB53F900C1.jpeg',0,'',162,'2018-01-24 11:42:29','2018-01-24 11:42:29'),(255,'3428A914-C817-8DFF-B478-94589105C868.jpeg',0,'',162,'2018-01-24 11:42:29','2018-01-24 11:42:29'),(256,'F693AEFD-1C75-D8AB-34C4-0712226885CB.jpeg',0,'',162,'2018-01-24 11:42:29','2018-01-24 11:42:29'),(257,'12ED3E55-66F9-1EA4-5476-525885E1C808.jpeg',0,'',162,'2018-01-24 11:42:29','2018-01-24 11:42:29'),(258,'C2C9A2C9-F258-E394-E525-CAE393E11064.jpeg',0,'',162,'2018-01-24 11:42:29','2018-01-24 11:42:29'),(259,'A68412F2-7C54-8D31-E45D-4246BBB56703.jpeg',0,'',162,'2018-01-24 11:42:29','2018-01-24 11:42:29'),(260,'A70319E1-BA43-E838-88B4-9B6BACBD2A60.jpeg',0,'',162,'2018-01-24 11:42:29','2018-01-24 11:42:29'),(261,'6E821FBE-43A5-E357-65D6-407DD2D980BF.jpeg',1,'Label for main image',163,'2018-01-24 11:44:27','2018-01-24 11:44:27'),(262,'A9E67F97-EEC3-BC9D-0E03-90431E01F56C.jpeg',0,'small house 2',163,'2018-01-24 11:44:27','2018-01-24 11:44:27'),(263,'6FDD47B8-3ECD-9389-2B93-667DA33AF8A0.jpeg',0,'winter snow house',163,'2018-01-24 11:44:27','2018-01-24 11:44:27'),(264,'99DA2E72-AC8F-4893-D4A5-F1674F596B31.jpeg',0,'small one',163,'2018-01-24 11:44:27','2018-01-24 11:44:27'),(265,'7EE5F0B7-8026-EA0F-C322-F89763750D7C.jpeg',0,'other huge one',163,'2018-01-24 11:44:27','2018-01-24 11:44:27'),(266,'6A8821B8-F5C4-706A-8051-B01CEE86EE6C.jpeg',0,'huge house',163,'2018-01-24 11:44:27','2018-01-24 11:44:27'),(267,'6EBE003E-BD62-DCA1-5EF8-520D2BC32FCE.jpeg',0,'Nice house modern',163,'2018-01-24 11:44:27','2018-01-24 11:44:27'),(268,'0224438B-8094-35CE-DE92-6687C05A15E7.jpeg',0,'Wood fashion house',163,'2018-01-24 11:44:27','2018-01-24 11:44:27'),(269,'DF80474B-069E-E3B4-45C5-78C2705DF353.jpeg',0,'more bricks',163,'2018-01-24 11:44:27','2018-01-24 11:44:27'),(270,'E7A00ED3-6A2E-A93F-4DF2-262F159EAE9E.jpeg',0,'brick house',163,'2018-01-24 11:44:27','2018-01-24 11:44:27'),(271,'327FAE8F-8757-736C-130E-D7C479D8AB01.jpeg',0,'blue house',163,'2018-01-24 11:44:27','2018-01-24 11:44:27'),(272,'4547ED8A-9D12-05E7-5879-D926323949F2.jpeg',0,'mor rocks',163,'2018-01-24 11:44:27','2018-01-24 11:44:27'),(273,'770143B6-71B8-C4A0-3967-1B98DA19EFE1.jpeg',0,'Rocks',163,'2018-01-24 11:44:27','2018-01-24 11:44:27'),(274,'887B9516-39D9-06C9-379D-9CEC71E94A57.jpeg',0,'View with tree',163,'2018-01-24 11:44:27','2018-01-24 11:44:27'),(275,'A4228EF6-C718-BB21-359D-EA51FC7CCAE5.jpeg',0,'Labe front view',163,'2018-01-24 11:44:27','2018-01-24 11:44:27'),(276,'157A9850-CCB3-80BA-1A36-C0DD0FE83268.jpeg',0,'',164,'2018-01-24 12:08:45','2018-01-24 12:08:45'),(277,'90A4A712-2500-7A24-B207-F3517F7AB31C.jpeg',0,'',164,'2018-01-24 12:08:45','2018-01-24 12:08:45'),(278,'BB7E28E9-CB9C-34A3-A149-AC31EDD1980B.jpeg',0,'',164,'2018-01-24 12:08:45','2018-01-24 12:08:45'),(279,'C8D86A83-FC3C-4192-8ABF-B3B30812C51A.jpeg',0,'',164,'2018-01-24 12:08:45','2018-01-24 12:08:45'),(280,'358936B6-B9AA-DBA8-65A0-CE3B9EA242E5.jpeg',0,'',165,'2018-01-24 12:19:39','2018-01-24 12:19:39'),(281,'CBD00AFB-C18D-C5B4-49AF-2CC29AA2BCB6.jpeg',0,'',165,'2018-01-24 12:19:39','2018-01-24 12:19:39'),(282,'A71C24D3-02B7-6DE1-BBC9-F763EEA045CA.jpeg',0,'',165,'2018-01-24 12:19:39','2018-01-24 12:19:39'),(283,'26510A0C-043C-8EDA-FD11-4414A5E17270.jpeg',0,'',165,'2018-01-24 12:19:39','2018-01-24 12:19:39'),(284,'587FD6D4-FB61-5EBA-1105-87509A45696A.jpeg',0,'',165,'2018-01-24 12:19:39','2018-01-24 12:19:39'),(285,'2A06A0D0-F151-2DBD-34B8-F2EE1D2D76B5.jpeg',0,'',168,'2018-01-24 12:22:31','2018-01-24 12:22:31'),(286,'691D0E17-17B7-93C2-C17C-30A9BACB3846.jpeg',0,'title',169,'2018-01-29 03:54:43','2018-01-29 03:54:43');
/*!40000 ALTER TABLE `Image` ENABLE KEYS */;
UNLOCK TABLES;

--
-- Table structure for table `Laundry`
--

DROP TABLE IF EXISTS `Laundry`;
/*!40101 SET @saved_cs_client     = @@character_set_client */;
/*!40101 SET character_set_client = utf8 */;
CREATE TABLE `Laundry` (
  `idLaundry` int(11) NOT NULL AUTO_INCREMENT,
  `laundry` varchar(60) DEFAULT NULL,
  PRIMARY KEY (`idLaundry`)
) ENGINE=InnoDB AUTO_INCREMENT=6 DEFAULT CHARSET=utf8;
/*!40101 SET character_set_client = @saved_cs_client */;

--
-- Dumping data for table `Laundry`
--

LOCK TABLES `Laundry` WRITE;
/*!40000 ALTER TABLE `Laundry` DISABLE KEYS */;
INSERT INTO `Laundry` VALUES (1,'w/d in unit'),(2,'w/d hookups'),(3,'Laundry in building'),(4,'Laundry on site'),(5,'No laundry');
/*!40000 ALTER TABLE `Laundry` ENABLE KEYS */;
UNLOCK TABLES;

--
-- Table structure for table `Lead`
--

DROP TABLE IF EXISTS `Lead`;
/*!40101 SET @saved_cs_client     = @@character_set_client */;
/*!40101 SET character_set_client = utf8 */;
CREATE TABLE `Lead` (
  `idLead` int(11) NOT NULL AUTO_INCREMENT,
  `idCustomer` int(11) DEFAULT NULL,
  `createdAt` timestamp NULL DEFAULT CURRENT_TIMESTAMP,
  `updatedAt` timestamp NULL DEFAULT CURRENT_TIMESTAMP,
  `customerName` varchar(200) DEFAULT NULL,
  `customerEmail` varchar(200) DEFAULT NULL,
  `message` longtext,
  `idRealEstate` int(11) NOT NULL,
  `idProperty` int(11) DEFAULT NULL,
  PRIMARY KEY (`idLead`),
  KEY `fk_Lead_Customer1_idx` (`idCustomer`),
  KEY `fk_Lead_RealEstate1_idx` (`idRealEstate`),
  KEY `fk_Lead_Property1_idx` (`idProperty`),
  CONSTRAINT `fk_Lead_Customer1` FOREIGN KEY (`idCustomer`) REFERENCES `Customer` (`idCustomer`) ON DELETE NO ACTION ON UPDATE NO ACTION,
  CONSTRAINT `fk_Lead_Property1` FOREIGN KEY (`idProperty`) REFERENCES `Property` (`idProperty`) ON DELETE NO ACTION ON UPDATE NO ACTION,
  CONSTRAINT `fk_Lead_RealEstate1` FOREIGN KEY (`idRealEstate`) REFERENCES `RealEstate` (`idRealEstate`) ON DELETE NO ACTION ON UPDATE NO ACTION
) ENGINE=InnoDB DEFAULT CHARSET=utf8;
/*!40101 SET character_set_client = @saved_cs_client */;

--
-- Dumping data for table `Lead`
--

LOCK TABLES `Lead` WRITE;
/*!40000 ALTER TABLE `Lead` DISABLE KEYS */;
/*!40000 ALTER TABLE `Lead` ENABLE KEYS */;
UNLOCK TABLES;

--
-- Table structure for table `Parking`
--

DROP TABLE IF EXISTS `Parking`;
/*!40101 SET @saved_cs_client     = @@character_set_client */;
/*!40101 SET character_set_client = utf8 */;
CREATE TABLE `Parking` (
  `idParking` int(11) NOT NULL AUTO_INCREMENT,
  `parking` varchar(60) DEFAULT NULL,
  PRIMARY KEY (`idParking`)
) ENGINE=InnoDB AUTO_INCREMENT=8 DEFAULT CHARSET=utf8;
/*!40101 SET character_set_client = @saved_cs_client */;

--
-- Dumping data for table `Parking`
--

LOCK TABLES `Parking` WRITE;
/*!40000 ALTER TABLE `Parking` DISABLE KEYS */;
INSERT INTO `Parking` VALUES (1,'Carport'),(2,'Attached garage'),(3,'Detached garage'),(4,'Off-street parking'),(5,'Street parking'),(6,'Valet parking'),(7,'No parking');
/*!40000 ALTER TABLE `Parking` ENABLE KEYS */;
UNLOCK TABLES;

--
-- Table structure for table `Permission`
--

DROP TABLE IF EXISTS `Permission`;
/*!40101 SET @saved_cs_client     = @@character_set_client */;
/*!40101 SET character_set_client = utf8 */;
CREATE TABLE `Permission` (
  `idPermission` int(11) NOT NULL AUTO_INCREMENT,
  `controller` varchar(45) DEFAULT NULL,
  `action` varchar(45) DEFAULT NULL,
  `idUser` int(11) NOT NULL,
  PRIMARY KEY (`idPermission`),
  KEY `fk_Permission_User1_idx` (`idUser`),
  CONSTRAINT `fk_Permission_User1` FOREIGN KEY (`idUser`) REFERENCES `User` (`idUser`) ON DELETE NO ACTION ON UPDATE NO ACTION
) ENGINE=InnoDB DEFAULT CHARSET=utf8;
/*!40101 SET character_set_client = @saved_cs_client */;

--
-- Dumping data for table `Permission`
--

LOCK TABLES `Permission` WRITE;
/*!40000 ALTER TABLE `Permission` DISABLE KEYS */;
/*!40000 ALTER TABLE `Permission` ENABLE KEYS */;
UNLOCK TABLES;

--
-- Table structure for table `Profile`
--

DROP TABLE IF EXISTS `Profile`;
/*!40101 SET @saved_cs_client     = @@character_set_client */;
/*!40101 SET character_set_client = utf8 */;
CREATE TABLE `Profile` (
  `idProfile` int(11) NOT NULL AUTO_INCREMENT,
  `picture` varchar(300) DEFAULT NULL,
  `aboutMe` text,
  `phoneNumber` varchar(45) DEFAULT NULL,
  `idUser` int(11) NOT NULL,
  `name` varchar(200) DEFAULT NULL,
  PRIMARY KEY (`idProfile`),
  KEY `fk_Profile_User1_idx` (`idUser`),
  CONSTRAINT `fk_Profile_User1` FOREIGN KEY (`idUser`) REFERENCES `User` (`idUser`) ON DELETE NO ACTION ON UPDATE NO ACTION
) ENGINE=InnoDB AUTO_INCREMENT=2 DEFAULT CHARSET=utf8;
/*!40101 SET character_set_client = @saved_cs_client */;

--
-- Dumping data for table `Profile`
--

LOCK TABLES `Profile` WRITE;
/*!40000 ALTER TABLE `Profile` DISABLE KEYS */;
INSERT INTO `Profile` VALUES (1,'','I\'m Helio','(236) 777-6238',1,NULL);
/*!40000 ALTER TABLE `Profile` ENABLE KEYS */;
UNLOCK TABLES;

--
-- Table structure for table `Property`
--

DROP TABLE IF EXISTS `Property`;
/*!40101 SET @saved_cs_client     = @@character_set_client */;
/*!40101 SET character_set_client = utf8 */;
CREATE TABLE `Property` (
  `idProperty` int(11) NOT NULL AUTO_INCREMENT,
  `idAddress` int(11) NOT NULL,
  `createdAt` timestamp NULL DEFAULT CURRENT_TIMESTAMP,
  `updatedAt` timestamp NULL DEFAULT CURRENT_TIMESTAMP,
  `sellingPrice` decimal(10,2) DEFAULT NULL,
  `rentalPrice` decimal(10,2) DEFAULT NULL,
  `condoExpenses` decimal(10,2) DEFAULT NULL,
  `currency` varchar(10) DEFAULT NULL,
  `bedrooms` int(11) DEFAULT NULL,
  `bathrooms` int(11) DEFAULT NULL,
  `area` decimal(10,2) DEFAULT NULL,
  `areaUnit` varchar(10) DEFAULT NULL,
  `description` longtext,
  `idType` int(11) NOT NULL,
  `idParking` int(11) DEFAULT NULL,
  `idLaundry` int(11) DEFAULT NULL,
  `mlsNumber` varchar(45) DEFAULT NULL,
  `availability` datetime DEFAULT NULL,
  `observations` longtext,
  `buildingName` tinyint(4) DEFAULT NULL,
  `openHouse` tinyint(4) DEFAULT NULL,
  `negotiation` varchar(30) DEFAULT NULL,
  `title` varchar(300) DEFAULT NULL,
  `showScore` tinyint(1) DEFAULT NULL,
  `showMap` tinyint(1) DEFAULT NULL,
  `idRealEstate` int(11) NOT NULL,
  `idProfile` int(11) NOT NULL,
  PRIMARY KEY (`idProperty`),
  KEY `fk_Property_Address1_idx` (`idAddress`),
  KEY `fk_Property_Type1_idx` (`idType`),
  KEY `fk_Property_Parking1_idx` (`idParking`),
  KEY `fk_Property_Laundry1_idx` (`idLaundry`),
  KEY `fk_Property_RealEstate1_idx` (`idRealEstate`),
  KEY `fk_Property_Profile1_idx` (`idProfile`),
  CONSTRAINT `fk_Property_Address1` FOREIGN KEY (`idAddress`) REFERENCES `Address` (`idAddress`) ON DELETE NO ACTION ON UPDATE NO ACTION,
  CONSTRAINT `fk_Property_Laundry1` FOREIGN KEY (`idLaundry`) REFERENCES `Laundry` (`idLaundry`) ON DELETE NO ACTION ON UPDATE NO ACTION,
  CONSTRAINT `fk_Property_Parking1` FOREIGN KEY (`idParking`) REFERENCES `Parking` (`idParking`) ON DELETE NO ACTION ON UPDATE NO ACTION,
  CONSTRAINT `fk_Property_Profile1` FOREIGN KEY (`idProfile`) REFERENCES `Profile` (`idProfile`) ON DELETE NO ACTION ON UPDATE NO ACTION,
  CONSTRAINT `fk_Property_RealEstate1` FOREIGN KEY (`idRealEstate`) REFERENCES `RealEstate` (`idRealEstate`) ON DELETE NO ACTION ON UPDATE NO ACTION,
  CONSTRAINT `fk_Property_Type1` FOREIGN KEY (`idType`) REFERENCES `Type` (`idType`) ON DELETE NO ACTION ON UPDATE NO ACTION
) ENGINE=InnoDB AUTO_INCREMENT=170 DEFAULT CHARSET=utf8;
/*!40101 SET character_set_client = @saved_cs_client */;

--
-- Dumping data for table `Property`
--

LOCK TABLES `Property` WRITE;
/*!40000 ALTER TABLE `Property` DISABLE KEYS */;
INSERT INTO `Property` VALUES (1,1,NULL,NULL,0.00,0.00,0.00,'CAD (C$)',1,1,NULL,'m','',1,NULL,NULL,'','2018-01-10 00:00:00','',NULL,NULL,'','',1,1,1,1),(2,3,'2018-01-12 03:07:05','2018-01-12 03:07:05',0.00,0.00,0.00,'CAD (C$)',1,1,NULL,'m','',1,NULL,NULL,'','2018-01-11 00:00:00','',NULL,NULL,'','',1,1,1,1),(3,4,'2018-01-12 03:07:37','2018-01-12 03:07:37',0.00,0.00,0.00,'CAD (C$)',1,1,NULL,'m','',1,NULL,NULL,'','2018-01-11 00:00:00','',NULL,NULL,'','',1,1,1,1),(4,5,'2018-01-12 03:07:42','2018-01-12 03:07:42',0.00,0.00,0.00,'CAD (C$)',1,1,NULL,'m','',1,NULL,NULL,'','2018-01-11 00:00:00','',NULL,NULL,'','',1,1,1,1),(5,6,'2018-01-12 03:07:52','2018-01-12 03:07:52',0.00,0.00,0.00,'CAD (C$)',1,1,NULL,'m','',1,NULL,NULL,'','2018-01-11 00:00:00','',NULL,NULL,'','',1,1,1,1),(6,7,'2018-01-12 03:24:09','2018-01-12 03:24:09',0.00,0.00,0.00,'CAD (C$)',1,1,NULL,'m','',1,NULL,NULL,'','2018-01-11 00:00:00','',NULL,NULL,'','',1,1,1,1),(7,8,'2018-01-12 03:28:37','2018-01-12 03:28:37',0.00,0.00,0.00,'CAD (C$)',1,1,NULL,'m','',1,NULL,NULL,'','2018-01-11 00:00:00','',NULL,NULL,'','',1,1,1,1),(8,9,'2018-01-12 03:30:27','2018-01-12 03:30:27',0.00,0.00,0.00,'CAD (C$)',1,1,NULL,'m','',1,NULL,NULL,'','2018-01-11 00:00:00','',NULL,NULL,'','',1,1,1,1),(9,10,'2018-01-12 03:30:42','2018-01-12 03:30:42',0.00,0.00,0.00,'CAD (C$)',1,1,NULL,'m','',1,NULL,NULL,'','2018-01-11 00:00:00','',NULL,NULL,'','',1,1,1,1),(10,11,'2018-01-12 03:31:14','2018-01-12 03:31:14',0.00,0.00,0.00,'CAD (C$)',1,1,NULL,'m','',1,NULL,NULL,'','2018-01-11 00:00:00','',NULL,NULL,'','',1,1,1,1),(11,12,'2018-01-12 03:31:14','2018-01-12 03:31:14',0.00,0.00,0.00,'CAD (C$)',1,1,NULL,'m','',1,NULL,NULL,'','2018-01-11 00:00:00','',NULL,NULL,'','',1,1,1,1),(12,13,'2018-01-12 03:31:14','2018-01-12 03:31:14',0.00,0.00,0.00,'CAD (C$)',1,1,NULL,'m','',1,NULL,NULL,'','2018-01-11 00:00:00','',NULL,NULL,'','',1,1,1,1),(13,14,'2018-01-12 03:31:14','2018-01-12 03:31:14',0.00,0.00,0.00,'CAD (C$)',1,1,NULL,'m','',1,NULL,NULL,'','2018-01-11 00:00:00','',NULL,NULL,'','',1,1,1,1),(14,15,'2018-01-12 03:31:14','2018-01-12 03:31:14',0.00,0.00,0.00,'CAD (C$)',1,1,NULL,'m','',1,NULL,NULL,'','2018-01-11 00:00:00','',NULL,NULL,'','',1,1,1,1),(15,16,'2018-01-12 03:31:14','2018-01-12 03:31:14',0.00,0.00,0.00,'CAD (C$)',1,1,NULL,'m','',1,NULL,NULL,'','2018-01-11 00:00:00','',NULL,NULL,'','',1,1,1,1),(16,17,'2018-01-12 03:31:14','2018-01-12 03:31:14',0.00,0.00,0.00,'CAD (C$)',1,1,NULL,'m','',1,NULL,NULL,'','2018-01-11 00:00:00','',NULL,NULL,'','',1,1,1,1),(17,18,'2018-01-12 03:31:14','2018-01-12 03:31:14',0.00,0.00,0.00,'CAD (C$)',1,1,NULL,'m','',1,NULL,NULL,'','2018-01-11 00:00:00','',NULL,NULL,'','',1,1,1,1),(18,19,'2018-01-12 03:31:14','2018-01-12 03:31:14',0.00,0.00,0.00,'CAD (C$)',1,1,NULL,'m','',1,NULL,NULL,'','2018-01-11 00:00:00','',NULL,NULL,'','',1,1,1,1),(19,20,'2018-01-12 03:31:14','2018-01-12 03:31:14',0.00,0.00,0.00,'CAD (C$)',1,1,NULL,'m','',1,NULL,NULL,'','2018-01-11 00:00:00','',NULL,NULL,'','',1,1,1,1),(20,21,'2018-01-12 03:31:14','2018-01-12 03:31:14',0.00,0.00,0.00,'CAD (C$)',1,1,NULL,'m','',1,NULL,NULL,'','2018-01-11 00:00:00','',NULL,NULL,'','',1,1,1,1),(21,22,'2018-01-12 03:42:30','2018-01-12 03:42:30',0.00,0.00,0.00,'CAD (C$)',1,1,NULL,'m','',1,NULL,NULL,'','2018-01-11 00:00:00','',NULL,NULL,'','',1,1,1,1),(22,23,'2018-01-12 03:42:34','2018-01-12 03:42:34',0.00,0.00,0.00,'CAD (C$)',1,1,NULL,'m','',1,NULL,NULL,'','2018-01-11 00:00:00','',NULL,NULL,'','',1,1,1,1),(23,24,'2018-01-12 03:43:04','2018-01-12 03:43:04',0.00,0.00,0.00,'CAD (C$)',1,1,NULL,'m','',1,NULL,NULL,'','2018-01-11 00:00:00','',NULL,NULL,'','',1,1,1,1),(24,25,'2018-01-12 03:43:27','2018-01-12 03:43:27',0.00,0.00,0.00,'CAD (C$)',1,1,NULL,'m','',1,NULL,NULL,'','2018-01-11 00:00:00','',NULL,NULL,'','',1,1,1,1),(25,26,'2018-01-12 03:46:09','2018-01-12 03:46:09',0.00,0.00,0.00,'CAD (C$)',1,1,NULL,'m','',1,NULL,NULL,'','2018-01-11 00:00:00','',NULL,NULL,'','',1,1,1,1),(26,27,'2018-01-12 03:46:28','2018-01-12 03:46:28',0.00,0.00,0.00,'CAD (C$)',1,1,NULL,'m','',1,NULL,NULL,'','2018-01-11 00:00:00','',NULL,NULL,'','',1,1,1,1),(27,28,'2018-01-12 03:46:33','2018-01-12 03:46:33',0.00,0.00,0.00,'CAD (C$)',1,1,NULL,'m','',1,NULL,NULL,'','2018-01-11 00:00:00','',NULL,NULL,'','',1,1,1,1),(28,29,'2018-01-12 03:47:17','2018-01-12 03:47:17',0.00,0.00,0.00,'CAD (C$)',1,1,NULL,'m','',1,NULL,NULL,'','2018-01-11 00:00:00','',NULL,NULL,'','',1,1,1,1),(29,30,'2018-01-12 03:48:44','2018-01-12 03:48:44',0.00,0.00,0.00,'CAD (C$)',1,1,NULL,'m','',1,NULL,NULL,'','2018-01-11 00:00:00','',NULL,NULL,'','',1,1,1,1),(30,31,'2018-01-12 03:48:56','2018-01-12 03:48:56',0.00,0.00,0.00,'CAD (C$)',1,1,NULL,'m','',1,NULL,NULL,'','2018-01-11 00:00:00','',NULL,NULL,'','',1,1,1,1),(31,32,'2018-01-12 03:49:23','2018-01-12 03:49:23',0.00,0.00,0.00,'CAD (C$)',1,1,NULL,'m','',1,NULL,NULL,'','2018-01-11 00:00:00','',NULL,NULL,'','',1,1,1,1),(32,33,'2018-01-12 03:49:42','2018-01-12 03:49:42',0.00,0.00,0.00,'CAD (C$)',1,1,NULL,'m','',1,NULL,NULL,'','2018-01-11 00:00:00','',NULL,NULL,'','',1,1,1,1),(33,34,'2018-01-12 03:51:33','2018-01-12 03:51:33',0.00,0.00,0.00,'CAD (C$)',1,1,NULL,'m','',1,NULL,NULL,'','2018-01-11 00:00:00','',NULL,NULL,'','',1,1,1,1),(34,35,'2018-01-12 03:52:01','2018-01-12 03:52:01',0.00,0.00,0.00,'CAD (C$)',1,1,NULL,'m','',1,NULL,NULL,'','2018-01-11 00:00:00','',NULL,NULL,'','',1,1,1,1),(35,36,'2018-01-12 03:52:55','2018-01-12 03:52:55',0.00,0.00,0.00,'CAD (C$)',1,1,NULL,'m','',1,NULL,NULL,'','2018-01-11 00:00:00','',NULL,NULL,'','',1,1,1,1),(36,37,'2018-01-12 03:53:27','2018-01-12 03:53:27',0.00,0.00,0.00,'CAD (C$)',1,1,NULL,'m','',1,NULL,NULL,'','2018-01-11 00:00:00','',NULL,NULL,'','',1,1,1,1),(37,38,'2018-01-12 03:53:49','2018-01-12 03:53:49',0.00,0.00,0.00,'CAD (C$)',1,1,NULL,'m','',1,NULL,NULL,'','2018-01-11 00:00:00','',NULL,NULL,'','',1,1,1,1),(38,39,'2018-01-12 03:54:53','2018-01-12 03:54:53',0.00,0.00,0.00,'CAD (C$)',1,1,NULL,'m','',1,NULL,NULL,'','2018-01-11 00:00:00','',NULL,NULL,'','',1,1,1,1),(39,40,'2018-01-12 03:55:32','2018-01-12 03:55:32',0.00,0.00,0.00,'CAD (C$)',1,1,NULL,'m','',1,NULL,NULL,'','2018-01-11 00:00:00','',NULL,NULL,'','',1,1,1,1),(40,41,'2018-01-12 03:55:54','2018-01-12 03:55:54',0.00,0.00,0.00,'CAD (C$)',1,1,NULL,'m','',1,NULL,NULL,'','2018-01-11 00:00:00','',NULL,NULL,'','',1,1,1,1),(41,42,'2018-01-12 03:56:17','2018-01-12 03:56:17',0.00,0.00,0.00,'CAD (C$)',1,1,NULL,'m','',1,NULL,NULL,'','2018-01-11 00:00:00','',NULL,NULL,'','',1,1,1,1),(42,43,'2018-01-12 03:57:01','2018-01-12 03:57:01',0.00,0.00,0.00,'CAD (C$)',1,1,NULL,'m','',1,NULL,NULL,'','2018-01-11 00:00:00','',NULL,NULL,'','',1,1,1,1),(43,44,'2018-01-12 03:57:24','2018-01-12 03:57:24',0.00,0.00,0.00,'CAD (C$)',1,1,NULL,'m','',1,NULL,NULL,'','2018-01-11 00:00:00','',NULL,NULL,'','',1,1,1,1),(44,45,'2018-01-12 03:57:39','2018-01-12 03:57:39',0.00,0.00,0.00,'CAD (C$)',1,1,NULL,'m','',1,NULL,NULL,'','2018-01-11 00:00:00','',NULL,NULL,'','',1,1,1,1),(45,46,'2018-01-12 03:57:39','2018-01-12 03:57:39',0.00,0.00,0.00,'CAD (C$)',1,1,NULL,'m','',1,NULL,NULL,'','2018-01-11 00:00:00','',NULL,NULL,'','',1,1,1,1),(46,47,'2018-01-12 03:57:39','2018-01-12 03:57:39',0.00,0.00,0.00,'CAD (C$)',1,1,NULL,'m','',1,NULL,NULL,'','2018-01-11 00:00:00','',NULL,NULL,'','',1,1,1,1),(47,48,'2018-01-12 03:57:39','2018-01-12 03:57:39',0.00,0.00,0.00,'CAD (C$)',1,1,NULL,'m','',1,NULL,NULL,'','2018-01-11 00:00:00','',NULL,NULL,'','',1,1,1,1),(48,49,'2018-01-12 03:57:39','2018-01-12 03:57:39',0.00,0.00,0.00,'CAD (C$)',1,1,NULL,'m','',1,NULL,NULL,'','2018-01-11 00:00:00','',NULL,NULL,'','',1,1,1,1),(49,50,'2018-01-12 03:57:39','2018-01-12 03:57:39',0.00,0.00,0.00,'CAD (C$)',1,1,NULL,'m','',1,NULL,NULL,'','2018-01-11 00:00:00','',NULL,NULL,'','',1,1,1,1),(50,51,'2018-01-12 03:57:39','2018-01-12 03:57:39',0.00,0.00,0.00,'CAD (C$)',1,1,NULL,'m','',1,NULL,NULL,'','2018-01-11 00:00:00','',NULL,NULL,'','',1,1,1,1),(51,52,'2018-01-12 03:57:39','2018-01-12 03:57:39',0.00,0.00,0.00,'CAD (C$)',1,1,NULL,'m','',1,NULL,NULL,'','2018-01-11 00:00:00','',NULL,NULL,'','',1,1,1,1),(52,53,'2018-01-12 03:57:39','2018-01-12 03:57:39',0.00,0.00,0.00,'CAD (C$)',1,1,NULL,'m','',1,NULL,NULL,'','2018-01-11 00:00:00','',NULL,NULL,'','',1,1,1,1),(53,54,'2018-01-12 03:57:39','2018-01-12 03:57:39',0.00,0.00,0.00,'CAD (C$)',1,1,NULL,'m','',1,NULL,NULL,'','2018-01-11 00:00:00','',NULL,NULL,'','',1,1,1,1),(54,55,'2018-01-12 03:57:39','2018-01-12 03:57:39',0.00,0.00,0.00,'CAD (C$)',1,1,NULL,'m','',1,NULL,NULL,'','2018-01-11 00:00:00','',NULL,NULL,'','',1,1,1,1),(55,56,'2018-01-12 03:57:39','2018-01-12 03:57:39',0.00,0.00,0.00,'CAD (C$)',1,1,NULL,'m','',1,NULL,NULL,'','2018-01-11 00:00:00','',NULL,NULL,'','',1,1,1,1),(56,57,'2018-01-12 03:57:39','2018-01-12 03:57:39',0.00,0.00,0.00,'CAD (C$)',1,1,NULL,'m','',1,NULL,NULL,'','2018-01-11 00:00:00','',NULL,NULL,'','',1,1,1,1),(57,58,'2018-01-12 03:57:40','2018-01-12 03:57:40',0.00,0.00,0.00,'CAD (C$)',1,1,NULL,'m','',1,NULL,NULL,'','2018-01-11 00:00:00','',NULL,NULL,'','',1,1,1,1),(58,59,'2018-01-12 03:57:40','2018-01-12 03:57:40',0.00,0.00,0.00,'CAD (C$)',1,1,NULL,'m','',1,NULL,NULL,'','2018-01-11 00:00:00','',NULL,NULL,'','',1,1,1,1),(59,60,'2018-01-12 03:57:40','2018-01-12 03:57:40',0.00,0.00,0.00,'CAD (C$)',1,1,NULL,'m','',1,NULL,NULL,'','2018-01-11 00:00:00','',NULL,NULL,'','',1,1,1,1),(60,61,'2018-01-12 03:57:40','2018-01-12 03:57:40',0.00,0.00,0.00,'CAD (C$)',1,1,NULL,'m','',1,NULL,NULL,'','2018-01-11 00:00:00','',NULL,NULL,'','',1,1,1,1),(61,62,'2018-01-12 03:57:40','2018-01-12 03:57:40',0.00,0.00,0.00,'CAD (C$)',1,1,NULL,'m','',1,NULL,NULL,'','2018-01-11 00:00:00','',NULL,NULL,'','',1,1,1,1),(62,63,'2018-01-12 04:00:38','2018-01-12 04:00:38',0.00,0.00,0.00,'CAD (C$)',1,1,NULL,'m','',1,NULL,NULL,'','2018-01-11 00:00:00','',NULL,NULL,'','',1,1,1,1),(63,64,'2018-01-12 04:01:04','2018-01-12 04:01:04',0.00,0.00,0.00,'CAD (C$)',1,1,NULL,'m','',1,NULL,NULL,'','2018-01-11 00:00:00','',NULL,NULL,'','',1,1,1,1),(64,65,'2018-01-12 04:01:04','2018-01-12 04:01:04',0.00,0.00,0.00,'CAD (C$)',1,1,NULL,'m','',1,NULL,NULL,'','2018-01-11 00:00:00','',NULL,NULL,'','',1,1,1,1),(65,66,'2018-01-12 04:01:04','2018-01-12 04:01:04',0.00,0.00,0.00,'CAD (C$)',1,1,NULL,'m','',1,NULL,NULL,'','2018-01-11 00:00:00','',NULL,NULL,'','',1,1,1,1),(66,67,'2018-01-12 04:01:04','2018-01-12 04:01:04',0.00,0.00,0.00,'CAD (C$)',1,1,NULL,'m','',1,NULL,NULL,'','2018-01-11 00:00:00','',NULL,NULL,'','',1,1,1,1),(67,68,'2018-01-12 04:01:04','2018-01-12 04:01:04',0.00,0.00,0.00,'CAD (C$)',1,1,NULL,'m','',1,NULL,NULL,'','2018-01-11 00:00:00','',NULL,NULL,'','',1,1,1,1),(68,69,'2018-01-12 04:01:04','2018-01-12 04:01:04',0.00,0.00,0.00,'CAD (C$)',1,1,NULL,'m','',1,NULL,NULL,'','2018-01-11 00:00:00','',NULL,NULL,'','',1,1,1,1),(69,70,'2018-01-12 04:01:04','2018-01-12 04:01:04',0.00,0.00,0.00,'CAD (C$)',1,1,NULL,'m','',1,NULL,NULL,'','2018-01-11 00:00:00','',NULL,NULL,'','',1,1,1,1),(70,71,'2018-01-12 04:01:04','2018-01-12 04:01:04',0.00,0.00,0.00,'CAD (C$)',1,1,NULL,'m','',1,NULL,NULL,'','2018-01-11 00:00:00','',NULL,NULL,'','',1,1,1,1),(71,72,'2018-01-12 04:01:04','2018-01-12 04:01:04',0.00,0.00,0.00,'CAD (C$)',1,1,NULL,'m','',1,NULL,NULL,'','2018-01-11 00:00:00','',NULL,NULL,'','',1,1,1,1),(72,73,'2018-01-12 04:01:04','2018-01-12 04:01:04',0.00,0.00,0.00,'CAD (C$)',1,1,NULL,'m','',1,NULL,NULL,'','2018-01-11 00:00:00','',NULL,NULL,'','',1,1,1,1),(73,74,'2018-01-12 04:01:04','2018-01-12 04:01:04',0.00,0.00,0.00,'CAD (C$)',1,1,NULL,'m','',1,NULL,NULL,'','2018-01-11 00:00:00','',NULL,NULL,'','',1,1,1,1),(74,75,'2018-01-12 04:01:04','2018-01-12 04:01:04',0.00,0.00,0.00,'CAD (C$)',1,1,NULL,'m','',1,NULL,NULL,'','2018-01-11 00:00:00','',NULL,NULL,'','',1,1,1,1),(75,76,'2018-01-12 04:01:04','2018-01-12 04:01:04',0.00,0.00,0.00,'CAD (C$)',1,1,NULL,'m','',1,NULL,NULL,'','2018-01-11 00:00:00','',NULL,NULL,'','',1,1,1,1),(76,77,'2018-01-12 04:01:04','2018-01-12 04:01:04',0.00,0.00,0.00,'CAD (C$)',1,1,NULL,'m','',1,NULL,NULL,'','2018-01-11 00:00:00','',NULL,NULL,'','',1,1,1,1),(77,78,'2018-01-12 04:01:04','2018-01-12 04:01:04',0.00,0.00,0.00,'CAD (C$)',1,1,NULL,'m','',1,NULL,NULL,'','2018-01-11 00:00:00','',NULL,NULL,'','',1,1,1,1),(78,79,'2018-01-12 04:01:04','2018-01-12 04:01:04',0.00,0.00,0.00,'CAD (C$)',1,1,NULL,'m','',1,NULL,NULL,'','2018-01-11 00:00:00','',NULL,NULL,'','',1,1,1,1),(79,80,'2018-01-12 04:01:04','2018-01-12 04:01:04',0.00,0.00,0.00,'CAD (C$)',1,1,NULL,'m','',1,NULL,NULL,'','2018-01-11 00:00:00','',NULL,NULL,'','',1,1,1,1),(80,81,'2018-01-12 04:01:04','2018-01-12 04:01:04',0.00,0.00,0.00,'CAD (C$)',1,1,NULL,'m','',1,NULL,NULL,'','2018-01-11 00:00:00','',NULL,NULL,'','',1,1,1,1),(81,82,'2018-01-12 04:01:41','2018-01-12 04:01:41',0.00,0.00,0.00,'CAD (C$)',1,1,NULL,'m','',1,NULL,NULL,'','2018-01-11 00:00:00','',NULL,NULL,'','',1,1,1,1),(82,83,'2018-01-12 04:01:41','2018-01-12 04:01:41',0.00,0.00,0.00,'CAD (C$)',1,1,NULL,'m','',1,NULL,NULL,'','2018-01-11 00:00:00','',NULL,NULL,'','',1,1,1,1),(83,84,'2018-01-12 04:01:41','2018-01-12 04:01:41',0.00,0.00,0.00,'CAD (C$)',1,1,NULL,'m','',1,NULL,NULL,'','2018-01-11 00:00:00','',NULL,NULL,'','',1,1,1,1),(84,85,'2018-01-12 04:01:41','2018-01-12 04:01:41',0.00,0.00,0.00,'CAD (C$)',1,1,NULL,'m','',1,NULL,NULL,'','2018-01-11 00:00:00','',NULL,NULL,'','',1,1,1,1),(85,86,'2018-01-12 04:01:41','2018-01-12 04:01:41',0.00,0.00,0.00,'CAD (C$)',1,1,NULL,'m','',1,NULL,NULL,'','2018-01-11 00:00:00','',NULL,NULL,'','',1,1,1,1),(86,87,'2018-01-12 04:01:41','2018-01-12 04:01:41',0.00,0.00,0.00,'CAD (C$)',1,1,NULL,'m','',1,NULL,NULL,'','2018-01-11 00:00:00','',NULL,NULL,'','',1,1,1,1),(87,88,'2018-01-12 04:01:41','2018-01-12 04:01:41',0.00,0.00,0.00,'CAD (C$)',1,1,NULL,'m','',1,NULL,NULL,'','2018-01-11 00:00:00','',NULL,NULL,'','',1,1,1,1),(88,89,'2018-01-12 04:01:41','2018-01-12 04:01:41',0.00,0.00,0.00,'CAD (C$)',1,1,NULL,'m','',1,NULL,NULL,'','2018-01-11 00:00:00','',NULL,NULL,'','',1,1,1,1),(89,90,'2018-01-12 04:01:41','2018-01-12 04:01:41',0.00,0.00,0.00,'CAD (C$)',1,1,NULL,'m','',1,NULL,NULL,'','2018-01-11 00:00:00','',NULL,NULL,'','',1,1,1,1),(90,91,'2018-01-12 04:01:41','2018-01-12 04:01:41',0.00,0.00,0.00,'CAD (C$)',1,1,NULL,'m','',1,NULL,NULL,'','2018-01-11 00:00:00','',NULL,NULL,'','',1,1,1,1),(91,92,'2018-01-12 04:01:41','2018-01-12 04:01:41',0.00,0.00,0.00,'CAD (C$)',1,1,NULL,'m','',1,NULL,NULL,'','2018-01-11 00:00:00','',NULL,NULL,'','',1,1,1,1),(92,93,'2018-01-12 04:01:41','2018-01-12 04:01:41',0.00,0.00,0.00,'CAD (C$)',1,1,NULL,'m','',1,NULL,NULL,'','2018-01-11 00:00:00','',NULL,NULL,'','',1,1,1,1),(93,94,'2018-01-12 04:01:41','2018-01-12 04:01:41',0.00,0.00,0.00,'CAD (C$)',1,1,NULL,'m','',1,NULL,NULL,'','2018-01-11 00:00:00','',NULL,NULL,'','',1,1,1,1),(94,95,'2018-01-12 04:01:41','2018-01-12 04:01:41',0.00,0.00,0.00,'CAD (C$)',1,1,NULL,'m','',1,NULL,NULL,'','2018-01-11 00:00:00','',NULL,NULL,'','',1,1,1,1),(95,96,'2018-01-12 04:01:41','2018-01-12 04:01:41',0.00,0.00,0.00,'CAD (C$)',1,1,NULL,'m','',1,NULL,NULL,'','2018-01-11 00:00:00','',NULL,NULL,'','',1,1,1,1),(96,97,'2018-01-12 04:01:41','2018-01-12 04:01:41',0.00,0.00,0.00,'CAD (C$)',1,1,NULL,'m','',1,NULL,NULL,'','2018-01-11 00:00:00','',NULL,NULL,'','',1,1,1,1),(97,98,'2018-01-12 04:01:41','2018-01-12 04:01:41',0.00,0.00,0.00,'CAD (C$)',1,1,NULL,'m','',1,NULL,NULL,'','2018-01-11 00:00:00','',NULL,NULL,'','',1,1,1,1),(98,99,'2018-01-12 04:01:41','2018-01-12 04:01:41',0.00,0.00,0.00,'CAD (C$)',1,1,NULL,'m','',1,NULL,NULL,'','2018-01-11 00:00:00','',NULL,NULL,'','',1,1,1,1),(99,100,'2018-01-12 07:16:28','2018-01-12 07:16:28',0.00,0.00,0.00,'CAD (C$)',1,1,NULL,'m','',1,NULL,NULL,'','2018-01-11 00:00:00','',NULL,NULL,'','',1,1,1,1),(100,101,'2018-01-12 07:17:49','2018-01-12 07:17:49',0.00,0.00,0.00,'CAD (C$)',1,1,NULL,'m','',1,NULL,NULL,'','2018-01-11 00:00:00','',NULL,NULL,'','',1,1,1,1),(101,102,'2018-01-12 07:19:38','2018-01-12 07:19:38',0.00,0.00,0.00,'CAD (C$)',1,1,NULL,'m','',1,NULL,NULL,'','2018-01-11 00:00:00','',NULL,NULL,'','',1,1,1,1),(102,103,'2018-01-12 07:20:26','2018-01-12 07:20:26',0.00,0.00,0.00,'CAD (C$)',1,1,NULL,'m','',1,NULL,NULL,'','2018-01-11 00:00:00','',NULL,NULL,'','',1,1,1,1),(103,104,'2018-01-12 07:21:18','2018-01-12 07:21:18',0.00,0.00,0.00,'CAD (C$)',1,1,NULL,'m','',1,NULL,NULL,'','2018-01-11 00:00:00','',NULL,NULL,'','',1,1,1,1),(104,105,'2018-01-12 07:24:43','2018-01-12 07:24:43',0.00,0.00,0.00,'CAD (C$)',1,1,NULL,'m','',1,NULL,NULL,'','2018-01-11 00:00:00','',NULL,NULL,'','',1,1,1,1),(105,106,'2018-01-12 07:26:17','2018-01-12 07:26:17',0.00,0.00,0.00,'CAD (C$)',1,1,NULL,'m','',1,NULL,NULL,'','2018-01-11 00:00:00','',NULL,NULL,'','',1,1,1,1),(106,107,'2018-01-12 07:27:33','2018-01-12 07:27:33',0.00,0.00,0.00,'CAD (C$)',1,1,NULL,'m','',1,NULL,NULL,'','2018-01-11 00:00:00','',NULL,NULL,'','',1,1,1,1),(107,108,'2018-01-12 07:29:12','2018-01-12 07:29:12',0.00,0.00,0.00,'CAD (C$)',1,1,NULL,'m','',1,NULL,NULL,'','2018-01-11 00:00:00','',NULL,NULL,'','',1,1,1,1),(108,109,'2018-01-12 07:30:23','2018-01-12 07:30:23',0.00,0.00,0.00,'CAD (C$)',1,1,NULL,'m','',1,NULL,NULL,'','2018-01-11 00:00:00','',NULL,NULL,'','',1,1,1,1),(109,110,'2018-01-12 08:10:25','2018-01-12 08:10:25',0.00,0.00,0.00,'CAD (C$)',1,1,NULL,'m','',1,NULL,NULL,'','2018-01-12 00:00:00','',NULL,NULL,'','',1,1,1,1),(110,111,'2018-01-12 08:34:58','2018-01-12 08:34:58',0.00,0.00,0.00,'CAD (C$)',1,1,NULL,'m','',1,NULL,NULL,'','2018-01-12 00:00:00','',NULL,NULL,'','',1,1,1,1),(111,112,'2018-01-12 08:37:17','2018-01-12 08:37:17',0.00,0.00,0.00,'CAD (C$)',1,1,NULL,'m','',1,NULL,NULL,'','2018-01-12 00:00:00','',NULL,NULL,'','',1,1,1,1),(112,113,'2018-01-12 08:37:26','2018-01-12 08:37:26',0.00,0.00,0.00,'CAD (C$)',1,1,NULL,'m','',1,NULL,NULL,'','2018-01-12 00:00:00','',NULL,NULL,'','',1,1,1,1),(113,114,'2018-01-12 08:39:28','2018-01-12 08:39:28',0.00,0.00,0.00,'CAD (C$)',1,1,NULL,'m','',1,NULL,NULL,'','2018-01-12 00:00:00','',NULL,NULL,'','',1,1,1,1),(114,115,'2018-01-12 08:41:11','2018-01-12 08:41:11',0.00,0.00,0.00,'CAD (C$)',1,1,NULL,'m','',1,NULL,NULL,'','2018-01-12 00:00:00','',NULL,NULL,'','',1,1,1,1),(115,116,'2018-01-12 08:41:19','2018-01-12 08:41:19',0.00,0.00,0.00,'CAD (C$)',1,1,NULL,'m','',1,NULL,NULL,'','2018-01-12 00:00:00','',NULL,NULL,'','',1,1,1,1),(116,117,'2018-01-12 08:45:47','2018-01-12 08:45:47',0.00,0.00,0.00,'CAD (C$)',1,2,NULL,'m','',1,NULL,NULL,'','2018-01-12 00:00:00','',NULL,NULL,'','',1,1,1,1),(117,118,'2018-01-12 08:49:22','2018-01-12 08:49:22',0.00,0.00,0.00,'CAD (C$)',1,1,NULL,'m','',1,NULL,NULL,'','2018-01-12 00:00:00','',NULL,NULL,'','',1,1,1,1),(118,119,'2018-01-12 08:53:07','2018-01-12 08:53:07',0.00,0.00,0.00,'CAD (C$)',1,1,NULL,'m','',1,NULL,NULL,'','2018-01-12 00:00:00','',NULL,NULL,'','',1,1,1,1),(119,120,'2018-01-12 08:55:46','2018-01-12 08:55:46',0.00,0.00,0.00,'CAD (C$)',1,1,NULL,'m','',1,NULL,NULL,'','2018-01-12 00:00:00','',NULL,NULL,'','',1,1,1,1),(120,121,'2018-01-12 08:56:21','2018-01-12 08:56:21',0.00,0.00,0.00,'CAD (C$)',1,1,NULL,'m','',1,NULL,NULL,'','2018-01-12 00:00:00','',NULL,NULL,'','',1,1,1,1),(121,122,'2018-01-13 02:01:34','2018-01-13 02:01:34',0.00,0.00,0.00,'CAD (C$)',1,1,NULL,'m','',1,NULL,NULL,'','2018-01-12 00:00:00','',NULL,NULL,'','',1,1,1,1),(122,123,'2018-01-13 02:15:14','2018-01-13 02:15:14',0.00,0.00,0.00,'CAD (C$)',1,1,NULL,'m','',1,NULL,NULL,'','2018-01-12 00:00:00','',NULL,NULL,'','',1,1,1,1),(123,124,'2018-01-13 02:15:26','2018-01-13 02:15:26',0.00,0.00,0.00,'CAD (C$)',1,1,NULL,'m','',1,NULL,NULL,'','2018-01-12 00:00:00','',NULL,NULL,'','',1,1,1,1),(124,125,'2018-01-13 02:16:06','2018-01-13 02:16:06',0.00,0.00,0.00,'CAD (C$)',1,1,NULL,'m','',1,NULL,NULL,'','2018-01-12 00:00:00','',NULL,NULL,'','',1,1,1,1),(125,126,'2018-01-13 02:23:01','2018-01-13 02:23:01',0.00,0.00,0.00,'CAD (C$)',1,1,NULL,'m','',1,NULL,NULL,'','2018-01-12 00:00:00','',NULL,NULL,'','',1,1,1,1),(126,127,'2018-01-13 02:24:09','2018-01-13 02:24:09',0.00,0.00,0.00,'CAD (C$)',1,1,NULL,'m','',1,NULL,NULL,'','2018-01-12 00:00:00','',NULL,NULL,'','',1,1,1,1),(127,128,'2018-01-13 02:30:04','2018-01-13 02:30:04',0.00,0.00,0.00,'CAD (C$)',1,1,NULL,'m','',1,NULL,NULL,'','2018-01-12 00:00:00','',NULL,NULL,'','',1,1,1,1),(128,129,'2018-01-13 02:30:55','2018-01-13 02:30:55',0.00,0.00,0.00,'CAD (C$)',1,1,NULL,'m','',1,NULL,NULL,'','2018-01-12 00:00:00','',NULL,NULL,'','',1,1,1,1),(129,130,'2018-01-13 02:33:14','2018-01-13 02:33:14',0.00,0.00,0.00,'CAD (C$)',1,1,NULL,'m','',1,NULL,NULL,'','2018-01-12 00:00:00','',NULL,NULL,'','',1,1,1,1),(130,131,'2018-01-13 02:33:55','2018-01-13 02:33:55',0.00,0.00,0.00,'CAD (C$)',1,1,NULL,'m','',1,NULL,NULL,'','2018-01-12 00:00:00','',NULL,NULL,'','',1,1,1,1),(131,132,'2018-01-13 02:35:33','2018-01-13 02:35:33',0.00,0.00,0.00,'CAD (C$)',1,1,NULL,'m','',1,NULL,NULL,'','2018-01-12 00:00:00','',NULL,NULL,'','',1,1,1,1),(132,133,'2018-01-13 02:36:20','2018-01-13 02:36:20',0.00,0.00,0.00,'CAD (C$)',1,1,NULL,'m','',1,NULL,NULL,'','2018-01-12 00:00:00','',NULL,NULL,'','',1,1,1,1),(133,134,'2018-01-13 02:36:45','2018-01-13 02:36:45',0.00,0.00,0.00,'CAD (C$)',1,1,NULL,'m','',1,NULL,NULL,'','2018-01-12 00:00:00','',NULL,NULL,'','',1,1,1,1),(134,135,'2018-01-13 02:37:50','2018-01-13 02:37:50',0.00,0.00,0.00,'CAD (C$)',1,1,NULL,'m','',1,NULL,NULL,'','2018-01-12 00:00:00','',NULL,NULL,'','',1,1,1,1),(135,136,'2018-01-13 02:40:48','2018-01-13 02:40:48',0.00,0.00,0.00,'CAD (C$)',1,1,NULL,'m','',1,NULL,NULL,'','2018-01-12 00:00:00','',NULL,NULL,'','',1,1,1,1),(136,137,'2018-01-13 02:44:04','2018-01-13 02:44:04',0.00,0.00,0.00,'CAD (C$)',1,1,NULL,'m','',1,NULL,NULL,'','2018-01-12 00:00:00','',NULL,NULL,'','',1,1,1,1),(137,138,'2018-01-13 02:49:20','2018-01-13 02:49:20',0.00,0.00,0.00,'CAD (C$)',1,1,NULL,'m','',1,NULL,NULL,'','2018-01-12 00:00:00','',NULL,NULL,'','',1,1,1,1),(138,139,'2018-01-13 02:59:24','2018-01-13 02:59:24',0.00,0.00,0.00,'CAD (C$)',1,1,NULL,'m','',1,NULL,NULL,'','2018-01-12 00:00:00','',NULL,NULL,'','',1,1,1,1),(139,140,'2018-01-20 13:50:02','2018-01-20 13:50:02',0.00,0.00,0.00,'CAD (C$)',1,1,NULL,'m','',1,NULL,NULL,'','2018-01-20 00:00:00','',NULL,NULL,'','',1,1,1,1),(140,141,'2018-01-22 04:00:39','2018-01-22 04:00:39',35000000.00,150000.00,20000.00,'CAD (C$)',2,2,NULL,'m','<p>Huge description to show on the Property Details page</p><br><p>We can add a few points here</p><p><ul><li>Point 1</li><li>Point 2</li><li>Point 3 bigger than the others</li></ul><p>We <strong style=\\\"color: rgb(128, 100, 162);\\\">can</strong> add some <span style=\\\"background-color: rgb(192, 80, 77); color: rgb(255, 255, 255);\\\">colors</span>&nbsp;and <span style=\\\"color: rgb(155, 187, 89);\\\">some</span> text <em>formatting</em> too to this <del>description</del></p><h1><span style=\\\"background-color: initial; letter-spacing: 0px;\\\">even a heading can </span>go<span style=\\\"background-color: initial; letter-spacing: 0px;\\\"> here</span></h1><h2><span style=\\\"background-color: initial; letter-spacing: 0px;\\\">Header 2</span></h2></p>',1,1,1,'MLS12345-2','2018-01-21 00:00:00','internal descriptions',NULL,NULL,'1','Incredible property with 2 bedrooms and 2 bathrooms',1,1,1,1),(141,142,'2018-01-22 04:26:58','2018-01-22 04:26:58',0.00,0.00,0.00,'CAD (C$)',1,1,NULL,'m','',1,NULL,NULL,'','2018-01-21 00:00:00','',NULL,NULL,'','',1,1,1,1),(142,143,'2018-01-23 11:50:11','2018-01-23 11:50:11',0.00,0.00,0.00,'CAD (C$)',1,1,NULL,'m','',1,NULL,NULL,'','2018-01-23 00:00:00','',NULL,NULL,'','',1,1,1,1),(143,144,'2018-01-23 11:50:43','2018-01-23 11:50:43',0.00,0.00,0.00,'CAD (C$)',1,1,NULL,'m','',1,NULL,NULL,'','2018-01-23 00:00:00','',NULL,NULL,'','',1,1,1,1),(144,145,'2018-01-23 11:52:08','2018-01-23 11:52:08',0.00,0.00,0.00,'CAD (C$)',1,1,NULL,'m','',1,NULL,NULL,'','2018-01-23 00:00:00','',NULL,NULL,'','',1,1,1,1),(145,146,'2018-01-23 11:52:30','2018-01-23 11:52:30',0.00,0.00,0.00,'CAD (C$)',1,1,NULL,'m','',1,NULL,NULL,'','2018-01-23 00:00:00','',NULL,NULL,'','',1,1,1,1),(146,147,'2018-01-23 11:54:14','2018-01-23 11:54:14',0.00,0.00,0.00,'CAD (C$)',1,1,NULL,'m','',1,NULL,NULL,'','2018-01-23 00:00:00','',NULL,NULL,'','',1,1,1,1),(147,148,'2018-01-23 11:58:35','2018-01-23 11:58:35',0.00,0.00,0.00,'CAD (C$)',1,1,NULL,'m','',1,NULL,NULL,'','2018-01-23 00:00:00','',NULL,NULL,'','',1,1,1,1),(148,149,'2018-01-23 11:59:24','2018-01-23 11:59:24',0.00,0.00,0.00,'CAD (C$)',1,1,NULL,'m','',1,NULL,NULL,'','2018-01-23 00:00:00','',NULL,NULL,'','',1,1,1,1),(149,150,'2018-01-23 11:59:40','2018-01-23 11:59:40',0.00,0.00,0.00,'CAD (C$)',1,1,NULL,'m','',1,NULL,NULL,'','2018-01-23 00:00:00','',NULL,NULL,'','',1,1,1,1),(150,151,'2018-01-23 12:00:32','2018-01-23 12:00:32',0.00,0.00,0.00,'CAD (C$)',1,1,NULL,'m','',1,NULL,NULL,'','2018-01-23 00:00:00','',NULL,NULL,'','',1,1,1,1),(151,152,'2018-01-23 12:00:35','2018-01-23 12:00:35',0.00,0.00,0.00,'CAD (C$)',1,1,NULL,'m','',1,NULL,NULL,'','2018-01-23 00:00:00','',NULL,NULL,'','',1,1,1,1),(152,153,'2018-01-23 12:01:47','2018-01-23 12:01:47',0.00,0.00,0.00,'CAD (C$)',1,1,NULL,'m','',1,NULL,NULL,'','2018-01-23 00:00:00','',NULL,NULL,'','',1,1,1,1),(153,154,'2018-01-23 12:01:55','2018-01-23 12:01:55',0.00,0.00,0.00,'CAD (C$)',1,1,NULL,'m','',1,NULL,NULL,'','2018-01-23 00:00:00','',NULL,NULL,'','',1,1,1,1),(154,155,'2018-01-23 12:02:02','2018-01-23 12:02:02',0.00,0.00,0.00,'CAD (C$)',1,1,NULL,'m','',1,NULL,NULL,'','2018-01-23 00:00:00','',NULL,NULL,'','',1,1,1,1),(155,156,'2018-01-23 12:03:22','2018-01-23 12:03:22',0.00,0.00,0.00,'CAD (C$)',1,1,NULL,'m','',1,NULL,NULL,'','2018-01-23 00:00:00','',NULL,NULL,'','',1,1,1,1),(156,157,'2018-01-23 12:04:01','2018-01-23 12:04:01',0.00,0.00,0.00,'CAD (C$)',1,1,NULL,'m','',1,NULL,NULL,'','2018-01-23 00:00:00','',NULL,NULL,'','',1,1,1,1),(157,158,'2018-01-23 12:08:34','2018-01-23 12:08:34',0.00,0.00,0.00,'CAD (C$)',1,1,NULL,'m','',1,NULL,NULL,'','2018-01-23 00:00:00','',NULL,NULL,'','',1,1,1,1),(158,159,'2018-01-23 12:11:10','2018-01-23 12:11:10',0.00,0.00,0.00,'CAD (C$)',1,1,NULL,'m','',1,NULL,NULL,'','2018-01-23 00:00:00','',NULL,NULL,'','',1,1,1,1),(159,160,'2018-01-23 12:13:32','2018-01-23 12:13:32',0.00,0.00,0.00,'CAD (C$)',1,1,NULL,'m','',1,NULL,NULL,'','2018-01-23 00:00:00','',NULL,NULL,'','',1,1,1,1),(160,161,'2018-01-23 12:13:55','2018-01-23 12:13:55',0.00,0.00,0.00,'CAD (C$)',1,1,NULL,'m','',1,NULL,NULL,'','2018-01-23 00:00:00','',NULL,NULL,'','',1,1,1,1),(161,162,'2018-01-23 12:14:20','2018-01-23 12:14:20',0.00,0.00,0.00,'CAD (C$)',1,1,NULL,'m','',1,NULL,NULL,'','2018-01-23 00:00:00','',NULL,NULL,'','',1,1,1,1),(162,163,'2018-01-24 11:42:29','2018-01-24 11:42:29',0.00,0.00,0.00,'CAD (C$)',1,1,NULL,'m','',1,NULL,NULL,'','2018-01-24 00:00:00','',NULL,NULL,'','',1,1,1,1),(163,164,'2018-01-24 11:44:27','2018-01-24 11:44:27',0.00,0.00,0.00,'CAD (C$)',1,1,NULL,'m','',1,NULL,NULL,'','2018-01-24 00:00:00','',NULL,NULL,'','',1,1,1,1),(164,165,'2018-01-24 12:08:45','2018-01-24 12:08:45',0.00,0.00,0.00,'CAD (C$)',1,1,NULL,'m','',1,NULL,NULL,'','2018-01-24 00:00:00','',NULL,NULL,'','',1,1,1,1),(165,166,'2018-01-24 12:19:39','2018-01-24 12:19:39',650000.00,2030.00,120.00,'CAD (C$)',1,1,NULL,'m','<p>Big Description <strong>testing</strong> formats</p><p><strong style=\"color: rgb(155, 187, 89);\">Now</strong> testing <span style=\"background-color: rgb(192, 80, 77); color: rgb(255, 255, 255);\">colors</span></p><p>List items</p><p><ul><li>item 1</li><li>item 2</li><li>item 3</li></ul></p>',1,1,1,'123-314','2018-01-24 00:00:00','',NULL,NULL,'','',1,1,1,1),(166,167,'2018-01-24 12:20:21','2018-01-24 12:20:21',0.00,0.00,0.00,'CAD (C$)',1,1,NULL,'m','<script>alert(\'teste\'); </script>',1,NULL,NULL,'','2018-01-24 00:00:00','',NULL,NULL,'','',1,1,1,1),(167,168,'2018-01-24 12:20:59','2018-01-24 12:20:59',0.00,0.00,0.00,'CAD (C$)',1,1,NULL,'m','<?php echo \"teste\"; ?>',1,NULL,NULL,'','2018-01-24 00:00:00','',NULL,NULL,'','',1,1,1,1),(168,169,'2018-01-24 12:22:31','2018-01-24 12:22:31',0.00,0.00,0.00,'CAD (C$)',1,1,NULL,'m','',1,NULL,NULL,'','2018-01-24 00:00:00','',NULL,NULL,'','',1,1,1,1),(169,170,'2018-01-29 03:54:43','2018-01-29 03:54:43',0.00,0.00,0.00,'CAD (C$)',1,1,NULL,'m','',1,NULL,NULL,'','2018-01-28 00:00:00','',NULL,NULL,'','',1,1,1,1);
/*!40000 ALTER TABLE `Property` ENABLE KEYS */;
UNLOCK TABLES;

--
-- Table structure for table `PropertyFeature`
--

DROP TABLE IF EXISTS `PropertyFeature`;
/*!40101 SET @saved_cs_client     = @@character_set_client */;
/*!40101 SET character_set_client = utf8 */;
CREATE TABLE `PropertyFeature` (
  `idProperty` int(11) NOT NULL,
  `idFeature` int(11) NOT NULL,
  PRIMARY KEY (`idProperty`,`idFeature`),
  KEY `fk_Property_has_Feature_Feature1_idx` (`idFeature`),
  KEY `fk_Property_has_Feature_Property1_idx` (`idProperty`),
  CONSTRAINT `fk_Property_has_Feature_Feature1` FOREIGN KEY (`idFeature`) REFERENCES `Feature` (`idFeature`) ON DELETE NO ACTION ON UPDATE NO ACTION,
  CONSTRAINT `fk_Property_has_Feature_Property1` FOREIGN KEY (`idProperty`) REFERENCES `Property` (`idProperty`) ON DELETE NO ACTION ON UPDATE NO ACTION
) ENGINE=InnoDB DEFAULT CHARSET=utf8;
/*!40101 SET character_set_client = @saved_cs_client */;

--
-- Dumping data for table `PropertyFeature`
--

LOCK TABLES `PropertyFeature` WRITE;
/*!40000 ALTER TABLE `PropertyFeature` DISABLE KEYS */;
INSERT INTO `PropertyFeature` VALUES (5,1),(6,1),(116,1),(140,1),(165,1),(165,2),(165,3),(165,4),(165,5),(5,6),(6,6),(116,6),(140,6),(165,6),(140,7),(165,7),(5,8),(6,8),(165,8),(140,9),(165,9),(140,10),(165,10),(140,11),(165,11),(116,12),(140,13),(116,15),(140,16),(5,18),(6,18),(116,18),(140,19);
/*!40000 ALTER TABLE `PropertyFeature` ENABLE KEYS */;
UNLOCK TABLES;

--
-- Table structure for table `PropertyScore`
--

DROP TABLE IF EXISTS `PropertyScore`;
/*!40101 SET @saved_cs_client     = @@character_set_client */;
/*!40101 SET character_set_client = utf8 */;
CREATE TABLE `PropertyScore` (
  `idPropertyScore` int(11) NOT NULL AUTO_INCREMENT,
  `idProperty` int(11) NOT NULL,
  `idScore` int(11) NOT NULL,
  `score` int(11) DEFAULT '0',
  PRIMARY KEY (`idPropertyScore`),
  KEY `fk_Property_has_Score_Score1_idx` (`idScore`),
  KEY `fk_Property_has_Score_Property1_idx` (`idProperty`),
  CONSTRAINT `fk_Property_has_Score_Property1` FOREIGN KEY (`idProperty`) REFERENCES `Property` (`idProperty`) ON DELETE NO ACTION ON UPDATE NO ACTION,
  CONSTRAINT `fk_Property_has_Score_Score1` FOREIGN KEY (`idScore`) REFERENCES `Score` (`idScore`) ON DELETE NO ACTION ON UPDATE NO ACTION
) ENGINE=InnoDB DEFAULT CHARSET=utf8;
/*!40101 SET character_set_client = @saved_cs_client */;

--
-- Dumping data for table `PropertyScore`
--

LOCK TABLES `PropertyScore` WRITE;
/*!40000 ALTER TABLE `PropertyScore` DISABLE KEYS */;
/*!40000 ALTER TABLE `PropertyScore` ENABLE KEYS */;
UNLOCK TABLES;

--
-- Table structure for table `RealEstate`
--

DROP TABLE IF EXISTS `RealEstate`;
/*!40101 SET @saved_cs_client     = @@character_set_client */;
/*!40101 SET character_set_client = utf8 */;
CREATE TABLE `RealEstate` (
  `idRealEstate` int(11) NOT NULL AUTO_INCREMENT,
  `idAddress` int(11) NOT NULL,
  `name` varchar(200) DEFAULT NULL,
  `email` varchar(200) DEFAULT NULL,
  `createdAt` timestamp NULL DEFAULT CURRENT_TIMESTAMP,
  `updatedAt` timestamp NULL DEFAULT CURRENT_TIMESTAMP,
  `phone` varchar(45) DEFAULT NULL,
  `mobilePhone` varchar(45) DEFAULT NULL,
  PRIMARY KEY (`idRealEstate`),
  KEY `fk_RealEstate_Address1_idx` (`idAddress`),
  CONSTRAINT `fk_RealEstate_Address1` FOREIGN KEY (`idAddress`) REFERENCES `Address` (`idAddress`) ON DELETE NO ACTION ON UPDATE NO ACTION
) ENGINE=InnoDB AUTO_INCREMENT=2 DEFAULT CHARSET=utf8;
/*!40101 SET character_set_client = @saved_cs_client */;

--
-- Dumping data for table `RealEstate`
--

LOCK TABLES `RealEstate` WRITE;
/*!40000 ALTER TABLE `RealEstate` DISABLE KEYS */;
INSERT INTO `RealEstate` VALUES (1,1,'Reaws','contato@reaws.com','2017-01-09 08:00:00','2017-01-09 08:00:00','(236) 777-6238','(236) 777-6238');
/*!40000 ALTER TABLE `RealEstate` ENABLE KEYS */;
UNLOCK TABLES;

--
-- Table structure for table `Role`
--

DROP TABLE IF EXISTS `Role`;
/*!40101 SET @saved_cs_client     = @@character_set_client */;
/*!40101 SET character_set_client = utf8 */;
CREATE TABLE `Role` (
  `idRole` int(11) NOT NULL AUTO_INCREMENT,
  `role` varchar(20) NOT NULL,
  PRIMARY KEY (`idRole`)
) ENGINE=InnoDB AUTO_INCREMENT=2 DEFAULT CHARSET=utf8;
/*!40101 SET character_set_client = @saved_cs_client */;

--
-- Dumping data for table `Role`
--

LOCK TABLES `Role` WRITE;
/*!40000 ALTER TABLE `Role` DISABLE KEYS */;
INSERT INTO `Role` VALUES (1,'Admin');
/*!40000 ALTER TABLE `Role` ENABLE KEYS */;
UNLOCK TABLES;

--
-- Table structure for table `Score`
--

DROP TABLE IF EXISTS `Score`;
/*!40101 SET @saved_cs_client     = @@character_set_client */;
/*!40101 SET character_set_client = utf8 */;
CREATE TABLE `Score` (
  `idScore` int(11) NOT NULL AUTO_INCREMENT,
  `name` varchar(45) DEFAULT NULL,
  PRIMARY KEY (`idScore`)
) ENGINE=InnoDB DEFAULT CHARSET=utf8;
/*!40101 SET character_set_client = @saved_cs_client */;

--
-- Dumping data for table `Score`
--

LOCK TABLES `Score` WRITE;
/*!40000 ALTER TABLE `Score` DISABLE KEYS */;
/*!40000 ALTER TABLE `Score` ENABLE KEYS */;
UNLOCK TABLES;

--
-- Table structure for table `SearchBox`
--

DROP TABLE IF EXISTS `SearchBox`;
/*!40101 SET @saved_cs_client     = @@character_set_client */;
/*!40101 SET character_set_client = utf8 */;
CREATE TABLE `SearchBox` (
  `idSearchBox` int(11) NOT NULL AUTO_INCREMENT,
  `name` varchar(45) DEFAULT NULL,
  PRIMARY KEY (`idSearchBox`)
) ENGINE=InnoDB DEFAULT CHARSET=utf8;
/*!40101 SET character_set_client = @saved_cs_client */;

--
-- Dumping data for table `SearchBox`
--

LOCK TABLES `SearchBox` WRITE;
/*!40000 ALTER TABLE `SearchBox` DISABLE KEYS */;
/*!40000 ALTER TABLE `SearchBox` ENABLE KEYS */;
UNLOCK TABLES;

--
-- Table structure for table `Step`
--

DROP TABLE IF EXISTS `Step`;
/*!40101 SET @saved_cs_client     = @@character_set_client */;
/*!40101 SET character_set_client = utf8 */;
CREATE TABLE `Step` (
  `idStep` int(11) NOT NULL AUTO_INCREMENT,
  `step` varchar(45) DEFAULT NULL,
  PRIMARY KEY (`idStep`)
) ENGINE=InnoDB DEFAULT CHARSET=utf8;
/*!40101 SET character_set_client = @saved_cs_client */;

--
-- Dumping data for table `Step`
--

LOCK TABLES `Step` WRITE;
/*!40000 ALTER TABLE `Step` DISABLE KEYS */;
/*!40000 ALTER TABLE `Step` ENABLE KEYS */;
UNLOCK TABLES;

--
-- Table structure for table `Type`
--

DROP TABLE IF EXISTS `Type`;
/*!40101 SET @saved_cs_client     = @@character_set_client */;
/*!40101 SET character_set_client = utf8 */;
CREATE TABLE `Type` (
  `idType` int(11) NOT NULL AUTO_INCREMENT,
  `type` varchar(80) DEFAULT NULL,
  PRIMARY KEY (`idType`)
) ENGINE=InnoDB AUTO_INCREMENT=17 DEFAULT CHARSET=utf8;
/*!40101 SET character_set_client = @saved_cs_client */;

--
-- Dumping data for table `Type`
--

LOCK TABLES `Type` WRITE;
/*!40000 ALTER TABLE `Type` DISABLE KEYS */;
INSERT INTO `Type` VALUES (1,'House'),(2,'Apartment'),(3,'Condo'),(4,'Townhouse'),(5,'Duplex'),(6,'Basement'),(7,'Other'),(8,'Triplex'),(9,'Farm'),(10,'Land'),(11,'Casa'),(12,'Apartamento'),(13,'Cobertura'),(14,'Loja'),(15,'Sala'),(16,'Fazenda');
/*!40000 ALTER TABLE `Type` ENABLE KEYS */;
UNLOCK TABLES;

--
-- Table structure for table `UnitDetails`
--

DROP TABLE IF EXISTS `UnitDetails`;
/*!40101 SET @saved_cs_client     = @@character_set_client */;
/*!40101 SET character_set_client = utf8 */;
CREATE TABLE `UnitDetails` (
  `idUnitDetails` int(11) NOT NULL AUTO_INCREMENT,
  `name` varchar(45) DEFAULT NULL,
  PRIMARY KEY (`idUnitDetails`)
) ENGINE=InnoDB DEFAULT CHARSET=utf8;
/*!40101 SET character_set_client = @saved_cs_client */;

--
-- Dumping data for table `UnitDetails`
--

LOCK TABLES `UnitDetails` WRITE;
/*!40000 ALTER TABLE `UnitDetails` DISABLE KEYS */;
/*!40000 ALTER TABLE `UnitDetails` ENABLE KEYS */;
UNLOCK TABLES;

--
-- Table structure for table `User`
--

DROP TABLE IF EXISTS `User`;
/*!40101 SET @saved_cs_client     = @@character_set_client */;
/*!40101 SET character_set_client = utf8 */;
CREATE TABLE `User` (
  `idUser` int(11) NOT NULL AUTO_INCREMENT,
  `login` varchar(50) NOT NULL,
  `pwHash` varchar(40) CHARACTER SET latin1 NOT NULL,
  `pwSalt` varchar(20) CHARACTER SET latin1 NOT NULL,
  `createdAt` timestamp NOT NULL DEFAULT CURRENT_TIMESTAMP ON UPDATE CURRENT_TIMESTAMP,
  `idRole` int(11) NOT NULL,
  `idRealEstate` int(11) NOT NULL,
  PRIMARY KEY (`idUser`),
  KEY `fk_User_Role1_idx` (`idRole`),
  KEY `fk_User_RealEstate1_idx` (`idRealEstate`),
  CONSTRAINT `fk_User_RealEstate1` FOREIGN KEY (`idRealEstate`) REFERENCES `RealEstate` (`idRealEstate`) ON DELETE NO ACTION ON UPDATE NO ACTION,
  CONSTRAINT `fk_User_Role1` FOREIGN KEY (`idRole`) REFERENCES `Role` (`idRole`) ON DELETE NO ACTION ON UPDATE NO ACTION
) ENGINE=InnoDB AUTO_INCREMENT=2 DEFAULT CHARSET=utf8;
/*!40101 SET character_set_client = @saved_cs_client */;

--
-- Dumping data for table `User`
--

LOCK TABLES `User` WRITE;
/*!40000 ALTER TABLE `User` DISABLE KEYS */;
INSERT INTO `User` VALUES (1,'heliobentes','123','123','2017-01-09 08:00:00',1,1);
/*!40000 ALTER TABLE `User` ENABLE KEYS */;
UNLOCK TABLES;

--
-- Table structure for table `Website`
--

DROP TABLE IF EXISTS `Website`;
/*!40101 SET @saved_cs_client     = @@character_set_client */;
/*!40101 SET character_set_client = utf8 */;
CREATE TABLE `Website` (
  `idWebsite` int(11) NOT NULL AUTO_INCREMENT,
  `url` varchar(300) DEFAULT NULL,
  `subdomain` varchar(300) DEFAULT NULL,
  `createdAt` timestamp NULL DEFAULT CURRENT_TIMESTAMP,
  `updatedAt` timestamp NULL DEFAULT CURRENT_TIMESTAMP,
  `logo` varchar(300) DEFAULT NULL,
  `color1` varchar(8) DEFAULT NULL,
  `color2` varchar(8) DEFAULT NULL,
  `idHeader` int(11) NOT NULL,
  `idFooter` int(11) NOT NULL,
  `idSearchBox` int(11) NOT NULL,
  `idUnitDetails` int(11) NOT NULL,
  `idRealEstate` int(11) NOT NULL,
  PRIMARY KEY (`idWebsite`),
  KEY `fk_Website_Header1_idx` (`idHeader`),
  KEY `fk_Website_Footer1_idx` (`idFooter`),
  KEY `fk_Website_SearchBox1_idx` (`idSearchBox`),
  KEY `fk_Website_UnitDetails1_idx` (`idUnitDetails`),
  KEY `fk_Website_RealEstate1_idx` (`idRealEstate`),
  CONSTRAINT `fk_Website_Footer1` FOREIGN KEY (`idFooter`) REFERENCES `Footer` (`idFooter`) ON DELETE NO ACTION ON UPDATE NO ACTION,
  CONSTRAINT `fk_Website_Header1` FOREIGN KEY (`idHeader`) REFERENCES `Header` (`idHeader`) ON DELETE NO ACTION ON UPDATE NO ACTION,
  CONSTRAINT `fk_Website_RealEstate1` FOREIGN KEY (`idRealEstate`) REFERENCES `RealEstate` (`idRealEstate`) ON DELETE NO ACTION ON UPDATE NO ACTION,
  CONSTRAINT `fk_Website_SearchBox1` FOREIGN KEY (`idSearchBox`) REFERENCES `SearchBox` (`idSearchBox`) ON DELETE NO ACTION ON UPDATE NO ACTION,
  CONSTRAINT `fk_Website_UnitDetails1` FOREIGN KEY (`idUnitDetails`) REFERENCES `UnitDetails` (`idUnitDetails`) ON DELETE NO ACTION ON UPDATE NO ACTION
) ENGINE=InnoDB DEFAULT CHARSET=utf8;
/*!40101 SET character_set_client = @saved_cs_client */;

--
-- Dumping data for table `Website`
--

LOCK TABLES `Website` WRITE;
/*!40000 ALTER TABLE `Website` DISABLE KEYS */;
/*!40000 ALTER TABLE `Website` ENABLE KEYS */;
UNLOCK TABLES;
/*!40103 SET TIME_ZONE=@OLD_TIME_ZONE */;

/*!40101 SET SQL_MODE=@OLD_SQL_MODE */;
/*!40014 SET FOREIGN_KEY_CHECKS=@OLD_FOREIGN_KEY_CHECKS */;
/*!40014 SET UNIQUE_CHECKS=@OLD_UNIQUE_CHECKS */;
/*!40101 SET CHARACTER_SET_CLIENT=@OLD_CHARACTER_SET_CLIENT */;
/*!40101 SET CHARACTER_SET_RESULTS=@OLD_CHARACTER_SET_RESULTS */;
/*!40101 SET COLLATION_CONNECTION=@OLD_COLLATION_CONNECTION */;
/*!40111 SET SQL_NOTES=@OLD_SQL_NOTES */;

-- Dump completed on 2018-04-07 11:16:29
